target,pred,data
0.97,0.9712565805587487,real
-0.26,0.726066839263474,real
0.78,0.9562313303780219,real
0.99,0.9292524996968007,real
0.98,0.4894634101786084,real
0.99,0.9802419435771635,real
0.93,0.92019938380623,real
0.66,0.9110115112683003,real
0.97,0.9078009389639929,real
0.98,0.9572701066923914,real
0.93,0.942335355568549,real
0.56,0.18028744202658867,real
0.87,0.9356081399274111,real
0.65,0.6095251989622371,real
0.92,0.959080643560136,real
0.52,0.7186916924588176,real
0.77,0.4143174980610332,real
0.95,0.9651791177535649,real
0.88,0.9496931569667565,real
0.24,0.12950102269668753,real
0.58,0.2862828525362555,real
0.95,0.9685764631600513,real
0.01,0.7067852643240896,real
0.97,0.8743584932934194,real
0.99,0.9317457564112245,real
0.98,0.9267883890336401,real
-0.44,-0.4093426230819204,real
-0.6,-0.6470183673430434,real
-0.56,-0.6097225466055319,real
0.08,0.05096695998604285,real
0.25,0.2297788432546941,real
-0.41,-0.4894827730871452,real
-0.58,-0.6203558758216331,real
-0.16,-0.0349281690705866,real
0.0,-0.0658722017321681,real
-0.34,-0.324303764778177,real
0.25,0.2297788432546941,real
-0.58,-0.6203558758216331,real
-0.63,-0.6987536048618894,real
-0.51,-0.5961584781449191,real
-0.16,-0.0349281690705866,real
0.61,0.6596483290255015,real
0.97,0.958133571008876,real
0.97,0.963548934322387,real
0.95,0.915330101667005,real
-0.53,-0.432409093726589,real
0.99,0.9923233263053716,real
0.97,0.9666498812478878,real
0.99,0.9858816318943221,real
0.99,0.9889801973768085,real
0.99,0.9862814685857967,real
0.98,0.9835857242916843,real
0.98,0.9206369776251507,real
1.0,0.9929393587672782,real
1.0,0.9646070062319789,real
0.99,0.9713232488205396,real
0.98,0.915178571428571,real
0.99,0.9653651865353565,real
0.99,0.9591824131694141,real
0.99,0.9641377805846857,real
0.39,0.3906129482053328,real
0.99,0.9950719417804621,real
0.73,0.6734807997587843,real
0.39,0.25099808917728844,real
0.07,-0.14163722430804823,real
-0.12,-0.001468102077582656,real
1.0,0.9978088210138705,real
1.0,0.9965877841203484,real
1.0,0.9983977066733568,real
1.0,0.9962954683244627,real
1.0,0.997641894044521,real
1.0,0.9972838239843812,real
-0.3,-0.31242912593868005,real
-0.38,-0.3983771682186846,real
0.72,0.6440622620446199,real
0.52,0.4320494499819187,real
-0.6,-0.6972483581366927,real
0.54,0.4933739502718646,real
0.64,0.5566295940375935,real
0.83,0.8569826561440276,real
0.84,0.8695124097625967,real
0.11,0.17389840629419062,real
-0.8,-0.8638251074303466,real
-0.78,-0.7608281962758239,real
0.84,0.6995078300543751,real
0.78,0.8112684991059403,real
0.87,0.697479691243062,real
0.79,0.7702764025911442,real
0.8,0.7891129836621836,real
-0.39,-0.239503610027762,real
0.63,0.613672767621173,real
0.84,0.8549765835216486,real
0.72,0.7455732559456077,real
0.7,0.6891946844850584,real
0.86,0.7357853083234835,real
-0.31,-0.2159635015651506,real
0.85,0.8020684091737325,real
-0.59,-0.1469287704136584,real
0.83,0.7169458489819324,real
0.84,0.7531344010420353,real
0.89,0.8802027136443594,real
0.3,0.3176679639453262,real
0.41,0.4189501118736062,real
0.8,0.801536345005807,real
-0.62,-0.5876217579081465,real
0.42,0.289707548741046,real
0.21,0.26062442511228673,real
0.17,0.1731371624330195,real
0.24,0.3147659780376126,real
-0.64,-0.749026687183204,real
0.11,0.14332835572653094,real
0.33,0.46932107736984274,real
0.44,0.22653564936456752,real
-0.43,-0.5757060825845937,real
-0.81,-0.7711871945060137,real
-0.78,-0.8048550573998626,real
-0.59,-0.733825879972988,real
-0.58,-0.5692677703597707,real
-0.52,-0.5339584344567524,real
-0.79,-0.7878899877902212,real
0.78,0.7908232374596207,real
-0.81,-0.8011058508499421,real
1.0,0.976765295716294,real
0.99,0.9211868701517437,real
1.0,0.993171771506381,real
1.0,0.9956318074663589,real
1.0,0.9975619606230577,real
1.0,0.9786968685520734,real
0.16,0.15090205588340194,real
0.02,0.07135020025102186,real
0.66,0.6153871144142495,real
0.51,0.2367439714238051,real
-0.13,0.050068415056190724,real
0.98,0.9704578296459652,real
0.94,0.9081718580179148,real
0.97,0.954288289634579,real
0.99,0.9783936715594144,real
0.97,0.9593844723214567,real
0.99,0.9852360814772162,real
1.0,0.988304930957952,real
0.67,0.7377978271216523,real
0.88,0.6287521986653086,real
0.79,0.7851314779471572,real
0.43,0.38744070286652244,real
0.85,0.7548883061625663,real
0.92,0.9344863165070755,real
0.9,0.9344496013464201,real
0.49,0.47356046477004404,real
0.48,0.551727921072724,real
0.95,0.9584688780049438,real
0.65,0.6006603949278644,real
0.61,0.6602269671895841,real
-0.49,-0.31029930436798026,real
0.55,0.3953835923647411,real
0.49,0.5286737817395724,real
0.48,0.45668507879092196,real
0.63,0.6744739376635458,real
0.61,0.5362528041291269,real
0.62,0.6376240622622604,real
0.93,0.9368071957996287,real
0.97,0.969911510189072,real
0.92,0.9082217988993018,real
0.87,0.8712743474613984,real
0.98,0.9644531527015187,real
0.95,0.7171118314615583,real
0.74,0.7537082793393945,real
0.86,0.8596622277971142,real
0.96,0.927084581404717,real
-0.66,-0.7704003922182467,real
0.62,0.019094432654002035,real
0.78,-0.2537184344049109,real
-0.22,-0.3198226071268766,real
0.84,0.8429299385898232,real
0.9,0.899398927855328,real
-0.59,-0.5283946453718777,real
-0.6,-0.6124012516780111,real
-0.07,-0.11886458976093123,real
0.88,0.8862967307729146,real
0.79,0.7568291450097192,real
-0.07,-0.11821717783794564,real
0.84,0.8284028637143142,real
0.64,0.6322236452940508,real
-0.3,0.8446852958308491,real
0.04,-0.8682377333694047,real
-0.87,0.3153780667132976,real
0.49,0.4872370267770666,real
0.52,0.5366566908016072,real
0.06,-0.10773138367709284,real
0.14,0.2568819648114451,real
0.6,0.5856920553511119,real
0.51,0.5205939793152644,real
0.6,0.5379463636074558,real
0.74,0.6737105951600899,real
-0.88,-0.8745097492106443,real
-0.77,-0.7594251776450861,real
0.81,0.8323860749391214,real
0.88,0.8891304793771954,real
-0.62,-0.463856062446371,real
0.71,0.7201548635779306,real
0.73,0.7294678945721428,real
0.64,0.6668543050260433,real
0.47,0.3622565219725544,real
0.89,0.8853140980027439,real
0.71,0.7119728584156415,real
0.99,0.981637280627497,real
0.99,0.9913747593366677,real
1.0,0.9976116150682618,real
0.86,0.8736329157697542,real
0.82,0.8890370717723397,real
0.71,0.7372588585042331,real
0.95,0.9581786008366731,real
0.87,0.877254172218051,real
0.82,0.8439366377697642,real
0.92,0.8954848993852741,real
0.84,0.8205122428965446,real
0.86,0.8480922321130183,real
0.88,0.8538190887310906,real
0.92,0.8995536523164598,real
-0.97,-0.9601108047620615,real
-0.94,-0.9404463279242868,real
-0.94,-0.9425935916932635,real
0.27,0.20718077866988124,real
-0.28,-0.3226675812577589,real
-0.22,-0.32972159746769475,real
-0.04,-0.41103679760444406,real
0.14,-0.2421158841774454,real
-0.33,-0.10097607725551866,real
0.05,-0.2937443609011445,real
-0.13,-0.28569905492214515,real
-0.2,-0.13202966414471895,real
-0.08,-0.2632515762064824,real
0.21,-0.16270632098726465,real
0.32,-0.4129007820076105,real
0.35,0.10419429243265257,real
0.45,-0.6006617924885316,real
0.84,-0.44444528374382625,real
-0.99,-0.9872866430839778,ai
-0.99,-0.9905859031510283,ai
-0.99,-0.9909370844269045,ai
-0.99,-0.9884982148201622,ai
-0.99,-0.9860401564293896,ai
-0.99,-0.9869688751237392,ai
-0.99,-0.9872947740141299,ai
-0.98,-0.9770378370291319,ai
-0.98,-0.9760789087214845,ai
-0.98,-0.9848156390366359,ai
-0.98,-0.9801647887670996,ai
-0.98,-0.9765615130889544,ai
-0.98,-0.9809898287439272,ai
-0.98,-0.984426304802161,ai
-0.97,-0.9701320358206975,ai
-0.97,-0.9701063248212567,ai
-0.97,-0.9688252843091263,ai
-0.97,-0.9715165528730618,ai
-0.97,-0.9720439188708722,ai
-0.97,-0.9715574333399475,ai
-0.97,-0.9670077892373429,ai
-0.96,-0.9682355371387324,ai
-0.96,-0.9583654766739352,ai
-0.96,-0.962351889278858,ai
-0.96,-0.9616878116732521,ai
-0.96,-0.9656081707509605,ai
-0.96,-0.9659907642795905,ai
-0.96,-0.9646932500709595,ai
-0.95,-0.9550648929658965,ai
-0.95,-0.9555289273538297,ai
-0.95,-0.9549159789467985,ai
-0.95,-0.9509868086230375,ai
-0.95,-0.9557004265540149,ai
-0.95,-0.9504742164687516,ai
-0.95,-0.9528849069461386,ai
-0.94,-0.9374313086474867,ai
-0.94,-0.9438270416645888,ai
-0.94,-0.940980308522893,ai
-0.94,-0.93535064153378,ai
-0.94,-0.9394090077697869,ai
-0.94,-0.9430701901876599,ai
-0.94,-0.9368092409772948,ai
-0.93,-0.9286616841821643,ai
-0.93,-0.9261855502999289,ai
-0.93,-0.9263598028694604,ai
-0.93,-0.9281404258729339,ai
-0.93,-0.9310156341201651,ai
-0.93,-0.930762525732345,ai
-0.93,-0.9342123711917447,ai
-0.92,-0.9236688458735081,ai
-0.92,-0.9182957786718815,ai
-0.92,-0.9242212613150534,ai
-0.92,-0.92033657856558,ai
-0.92,-0.9176842714566235,ai
-0.92,-0.9189155322845419,ai
-0.92,-0.9248000953123966,ai
-0.91,-0.9066520311080112,ai
-0.91,-0.9099889874253198,ai
-0.91,-0.9064452394329305,ai
-0.91,-0.9479099477177483,ai
-0.91,-0.9097302852350314,ai
-0.91,-0.9133395327769764,ai
-0.91,-0.9077844130969536,ai
-0.9,-0.9032327837041317,ai
-0.9,-0.8970901531887528,ai
-0.9,-0.8966307337307894,ai
-0.9,-0.9047332395791767,ai
-0.9,-0.9030052921567382,ai
-0.9,-0.8985730241506986,ai
-0.9,-0.8973988799410622,ai
-0.89,-0.8886939027045873,ai
-0.89,-0.890475900707123,ai
-0.89,-0.8872179910168732,ai
-0.89,-0.8857857201046526,ai
-0.89,-0.8921728741366394,ai
-0.89,-0.8908411017417723,ai
-0.89,-0.8896449981764093,ai
-0.88,-0.8869593044316404,ai
-0.88,-0.8775166669677417,ai
-0.88,-0.8909242661515476,ai
-0.88,-0.8763352367735536,ai
-0.88,-0.8789382919338462,ai
-0.88,-0.8777004337650698,ai
-0.88,-0.8777214473197146,ai
-0.87,-0.8720490471340879,ai
-0.87,-0.86936254909075,ai
-0.87,-0.8734289467531088,ai
-0.87,-0.8712636015194624,ai
-0.87,-0.8744208355762719,ai
-0.87,-0.8748429859123823,ai
-0.87,-0.8738216734268126,ai
-0.86,-0.8720743450701871,ai
-0.86,-0.8588967089437979,ai
-0.86,-0.8706755310519325,ai
-0.86,-0.8667742647260955,ai
-0.86,-0.8806059373794612,ai
-0.86,-0.8638380423496015,ai
-0.86,-0.857879699520392,ai
-0.85,-0.8466564277323754,ai
-0.85,-0.8485282189542129,ai
-0.85,-0.8535662537402621,ai
-0.85,-0.8541344257706182,ai
-0.85,-0.8374535642714357,ai
-0.85,-0.8501064836279443,ai
-0.85,-0.8602817184912135,ai
-0.84,-0.8488280619443144,ai
-0.84,-0.8523531647993289,ai
-0.84,-0.8431004459834731,ai
-0.84,-0.8457523402057845,ai
-0.84,-0.8467912313713395,ai
-0.84,-0.8434076035651272,ai
-0.84,-0.8425880035702847,ai
-0.83,-0.8320723188973382,ai
-0.83,-0.8342051138883565,ai
-0.83,-0.8303255367782596,ai
-0.83,-0.8317826559915217,ai
-0.83,-0.8322712340864058,ai
-0.83,-0.8331318318964842,ai
-0.83,-0.8288221180405484,ai
-0.82,-0.8211516841452141,ai
-0.82,-0.8170851067938839,ai
-0.82,-0.8485592776321025,ai
-0.82,-0.8211455851365929,ai
-0.82,-0.8340923598293104,ai
-0.82,-0.8303213633120266,ai
-0.82,-0.8170122279627589,ai
-0.81,-0.8273353583895466,ai
-0.81,-0.8183434756526211,ai
-0.81,-0.8188781312177447,ai
-0.81,-0.8174147877933439,ai
-0.81,-0.8107837852834837,ai
-0.81,-0.8144997737122606,ai
-0.81,-0.8128179122067118,ai
-0.8,-0.8074487114469603,ai
-0.8,-0.8063013117752813,ai
-0.8,-0.8071648341163102,ai
-0.8,-0.8041319574713786,ai
-0.8,-0.8049022550917296,ai
-0.8,-0.7990680322390101,ai
-0.8,-0.8090628716326315,ai
-0.79,-0.8182311539168676,ai
-0.79,-0.8040788702317357,ai
-0.79,-0.7900596540114061,ai
-0.79,-0.7978375573623784,ai
-0.79,-0.7967432134801313,ai
-0.79,-0.79897016151747,ai
-0.79,-0.7923018130617996,ai
-0.78,-0.7912460664257903,ai
-0.78,-0.7893307099577335,ai
-0.78,-0.7842123041947867,ai
-0.78,-0.7883789289307637,ai
-0.78,-0.7804722850714816,ai
-0.78,-0.8065934885080215,ai
-0.78,-0.7794708340547076,ai
-0.77,-0.7799115659752073,ai
-0.77,-0.7743178584710162,ai
-0.77,-0.7734773901377222,ai
-0.77,-0.7750185324763266,ai
-0.77,-0.7752341520335404,ai
-0.77,-0.7715000058753111,ai
-0.77,-0.7712941637587114,ai
-0.76,-0.7641449588333122,ai
-0.76,-0.7759545991962487,ai
-0.76,-0.7682359623327664,ai
-0.76,-0.7659787711814134,ai
-0.76,-0.7632791482127679,ai
-0.76,-0.7751190052745879,ai
-0.76,-0.7701542605613405,ai
-0.75,-0.7671168172755006,ai
-0.75,-0.7557555762450568,ai
-0.75,-0.7602930611964969,ai
-0.75,-0.7501583805668918,ai
-0.75,-0.7564758093017733,ai
-0.75,-0.7573666232160168,ai
-0.75,-0.7619567372904269,ai
-0.74,-0.752356405022626,ai
-0.74,-0.7410190147492571,ai
-0.74,-0.743924595946124,ai
-0.74,-0.7707501838605431,ai
-0.74,-0.7378309980439073,ai
-0.74,-0.7677784146321318,ai
-0.74,-0.77543739418605,ai
-0.73,-0.7370835564634346,ai
-0.73,-0.7458851186878187,ai
-0.73,-0.734302430014365,ai
-0.73,-0.7475001198062909,ai
-0.73,-0.7391447872855699,ai
-0.73,-0.7594087908998113,ai
-0.73,-0.7331247037719547,ai
-0.72,-0.726827131641453,ai
-0.72,-0.7781218900212813,ai
-0.72,-0.7258850534357297,ai
-0.72,-0.7279374833654289,ai
-0.72,-0.7429945889659255,ai
-0.72,-0.7320624453165301,ai
-0.72,-0.721285983508554,ai
-0.71,-0.7186534013439182,ai
-0.71,-0.7194574721834855,ai
-0.71,-0.7180428582759177,ai
-0.71,-0.7204585984476816,ai
-0.71,-0.7193367232971608,ai
-0.71,-0.7166639423678102,ai
-0.71,-0.7106069332853219,ai
-0.7,-0.7016665734664529,ai
-0.7,-0.7015165794479711,ai
-0.7,-0.7069252165508453,ai
-0.7,-0.7006376400082152,ai
-0.7,-0.6991271242386832,ai
-0.7,-0.7048479684650273,ai
-0.7,-0.6980774200861185,ai
-0.69,-0.7071393684507634,ai
-0.69,-0.6988749509647676,ai
-0.69,-0.7005372988729722,ai
-0.69,-0.6996993684353227,ai
-0.69,-0.6938588332001033,ai
-0.69,-0.7125272569186247,ai
-0.69,-0.6988641471706115,ai
-0.68,-0.6836752238689762,ai
-0.68,-0.6903846304512568,ai
-0.68,-0.6849373249077502,ai
-0.68,-0.689775128559066,ai
-0.68,-0.6973981902944192,ai
-0.68,-0.6902078763965795,ai
-0.68,-0.6858788474669505,ai
-0.67,-0.6730553015099199,ai
-0.67,-0.7081882609866174,ai
-0.67,-0.6741571511002099,ai
-0.67,-0.6819488589799869,ai
-0.67,-0.7292834164412194,ai
-0.67,-0.6797722888555817,ai
-0.67,-0.6816899091300441,ai
-0.66,-0.66222147705451,ai
-0.66,-0.7037495156957174,ai
-0.66,-0.6626841199193375,ai
-0.66,-0.6667947140187119,ai
-0.66,-0.6857252833239056,ai
-0.66,-0.6563360709060607,ai
-0.66,-0.6667605506195065,ai
-0.65,-0.6513270943348163,ai
-0.65,-0.6690371277141433,ai
-0.65,-0.6490058741193705,ai
-0.65,-0.6820276135671249,ai
-0.65,-0.6702891215255784,ai
-0.65,-0.6537758451300099,ai
-0.65,-0.6687177269181894,ai
-0.64,-0.6051729613574144,ai
-0.64,-0.6415146562702652,ai
-0.64,-0.6646110704579801,ai
-0.64,-0.6638511103496635,ai
-0.64,-0.6669219334691548,ai
-0.64,-0.6523327578416129,ai
-0.64,-0.6459907753259099,ai
-0.63,-0.6383695351456353,ai
-0.63,-0.6292943049528125,ai
-0.63,-0.6391988555520506,ai
-0.63,-0.659484353960211,ai
-0.63,-0.650044016378699,ai
-0.63,-0.6424934813343168,ai
-0.63,-0.6600284112497032,ai
-0.62,-0.6230050783800136,ai
-0.62,-0.6261330073331317,ai
-0.62,-0.640514198674918,ai
-0.62,-0.6197777328432361,ai
-0.62,-0.6311911660595915,ai
-0.62,-0.6208550619817071,ai
-0.62,-0.6294375518099157,ai
-0.61,-0.641363322840506,ai
-0.61,-0.6161410231082126,ai
-0.61,-0.6167576455310757,ai
-0.61,-0.6225258682399233,ai
-0.61,-0.6099045180316576,ai
-0.61,-0.6117455378060865,ai
-0.61,-0.6311050017303291,ai
-0.6,-0.6190045497213007,ai
-0.6,-0.6038043455718712,ai
-0.6,-0.611949200843767,ai
-0.6,-0.6296396295064943,ai
-0.6,-0.6853076319122161,ai
-0.6,-0.6102164406032389,ai
-0.6,-0.6136686325396713,ai
-0.59,-0.590841492459367,ai
-0.59,-0.6026008932515757,ai
-0.59,-0.6008759626899388,ai
-0.59,-0.605476119793375,ai
-0.59,-0.5962470265965608,ai
-0.59,-0.6026584878212894,ai
-0.59,-0.5965233815246982,ai
-0.58,-0.5892003328351517,ai
-0.58,-0.5755095993448502,ai
-0.58,-0.5853312184208176,ai
-0.58,-0.5797666634675538,ai
-0.58,-0.6158547935833854,ai
-0.58,-0.5800678633085488,ai
-0.58,-0.5890465238797872,ai
-0.57,-0.6037669098485857,ai
-0.57,-0.6076991012648374,ai
-0.57,-0.5825229543960785,ai
-0.57,-0.5823927880152108,ai
-0.57,-0.5690953280966211,ai
-0.57,-0.6466011151777962,ai
-0.57,-0.617593913642652,ai
-0.56,-0.570738077100198,ai
-0.56,-0.5668288304970058,ai
-0.56,-0.5744964248789525,ai
-0.56,-0.5677268648013911,ai
-0.56,-0.5759140072376032,ai
-0.56,-0.5601990803494625,ai
-0.56,-0.6435972110246753,ai
-0.55,-0.5701581802312607,ai
-0.55,-0.5512659379222188,ai
-0.55,-0.5615970312593632,ai
-0.55,-0.5651959390426908,ai
-0.55,-0.5551249930364827,ai
-0.55,-0.5570936901275273,ai
-0.55,-0.5655842877828943,ai
-0.54,-0.551252492085516,ai
-0.54,-0.5460975257677614,ai
-0.54,-0.5310639201593075,ai
-0.54,-0.5626925002015364,ai
-0.54,-0.5442779209820217,ai
-0.54,-0.5452981660454435,ai
-0.54,-0.6334076866427607,ai
-0.53,-0.5530658116657983,ai
-0.53,-0.5364817971189931,ai
-0.53,-0.5510028875920547,ai
-0.53,-0.5495426372044889,ai
-0.53,-0.5355174189171006,ai
-0.53,-0.5134706038929902,ai
-0.53,-0.5410517962722167,ai
-0.52,-0.6642328712732252,ai
-0.52,-0.5295640612637175,ai
-0.52,-0.524648080776191,ai
-0.52,-0.5409005319643393,ai
-0.52,-0.5219381089474796,ai
-0.52,-0.533846098251643,ai
-0.52,-0.5480018334989174,ai
-0.51,-0.5207381781199986,ai
-0.51,-0.525022477557688,ai
-0.51,-0.5369820125036172,ai
-0.51,-0.5180687718395638,ai
-0.51,-0.5143888251810697,ai
-0.51,-0.5101121720976102,ai
-0.51,-0.5095834611937764,ai
-0.5,-0.5233350374688324,ai
-0.5,-0.5272330546635497,ai
-0.5,-0.5072805181778712,ai
-0.5,-0.6153354257994429,ai
-0.5,-0.5090886539994705,ai
-0.5,-0.5004927939499357,ai
-0.5,-0.5071020799971695,ai
-0.49,-0.4968678096524348,ai
-0.49,-0.5250002467898012,ai
-0.49,-0.4903794518413036,ai
-0.49,-0.48328118031775935,ai
-0.49,-0.503667288118194,ai
-0.49,-0.4893566707953768,ai
-0.49,-0.5059937056741336,ai
-0.48,-0.49884372528902704,ai
-0.48,-0.48734879098939904,ai
-0.48,-0.4747712168942928,ai
-0.48,-0.48062457917263657,ai
-0.48,-0.48626579150499494,ai
-0.48,-0.5253810189325151,ai
-0.48,-0.4823044869454827,ai
-0.47,-0.49258317860844975,ai
-0.47,-0.48318595438550865,ai
-0.47,-0.4695161957945985,ai
-0.47,-0.4877865975361608,ai
-0.47,-0.4754768511939353,ai
-0.47,-0.48529639583330164,ai
-0.47,-0.4964845692955996,ai
-0.46,-0.478026810976114,ai
-0.46,-0.4911522224769143,ai
-0.46,-0.48344117868250913,ai
-0.46,-0.48902751481336304,ai
-0.46,-0.4643619459518314,ai
-0.46,-0.45766935168280154,ai
-0.46,-0.48371079853772553,ai
-0.45,-0.456571537760394,ai
-0.45,-0.44876314692728764,ai
-0.45,-0.45291004846359745,ai
-0.45,-0.4592751441133084,ai
-0.45,-0.4650396143501234,ai
-0.45,-0.4598340729175266,ai
-0.45,-0.4461741391375181,ai
-0.44,-0.4691184482132217,ai
-0.44,-0.45731411152038937,ai
-0.44,-0.44612697007766666,ai
-0.44,-0.44158506045536733,ai
-0.44,-0.4791083109673736,ai
-0.44,-0.45812078845061327,ai
-0.44,-0.43674514606625175,ai
-0.43,-0.4420773532508745,ai
-0.43,-0.4934633335377179,ai
-0.43,-0.4336183025940674,ai
-0.43,-0.4259965572749056,ai
-0.43,-0.4389093744309859,ai
-0.43,-0.466587418035621,ai
-0.43,-0.4773560569851291,ai
-0.42,-0.41849184746054086,ai
-0.42,-0.4397418032547904,ai
-0.42,-0.4858615322955539,ai
-0.42,-0.4167748764235818,ai
-0.42,-0.4279872800866556,ai
-0.42,-0.50935772385964,ai
-0.42,-0.4385381346970174,ai
-0.41,-0.42175641471836195,ai
-0.41,-0.41582207382085434,ai
-0.41,-0.41446984717197916,ai
-0.41,-0.44238370756372164,ai
-0.41,-0.4242216920900944,ai
-0.41,-0.43737574144346136,ai
-0.41,-0.4054926936148014,ai
-0.4,-0.4025772636468434,ai
-0.4,-0.43662773770311564,ai
-0.4,-0.6011257965297602,ai
-0.4,-0.4927409301344874,ai
-0.4,-0.4001259065782793,ai
-0.4,-0.4481726753976755,ai
-0.4,-0.397395249421,ai
-0.39,-0.40563019446197696,ai
-0.39,-0.3984372380491574,ai
-0.39,-0.40021978975458167,ai
-0.39,-0.4294592378212718,ai
-0.39,-0.38999815718046726,ai
-0.39,-0.3980547810661196,ai
-0.39,-0.39340319072250163,ai
-0.38,-0.3956853145227843,ai
-0.38,-0.48799055662937557,ai
-0.38,-0.4306880320294126,ai
-0.38,-0.38789466962484886,ai
-0.38,-0.40807091231441484,ai
-0.38,-0.3873369050944602,ai
-0.38,-0.3979845118425737,ai
-0.37,-0.3807092936593313,ai
-0.37,-0.40300594644495313,ai
-0.37,-0.4004513400911039,ai
-0.37,-0.4118731212304748,ai
-0.37,-0.372757242580473,ai
-0.37,-0.37514022969223537,ai
-0.37,-0.4182814490713643,ai
-0.36,-0.3587511099135354,ai
-0.36,-0.3642774509446255,ai
-0.36,-0.375744446514257,ai
-0.36,-0.37596162795678945,ai
-0.36,-0.37248112464060024,ai
-0.36,-0.4358316861408642,ai
-0.36,-0.4249928318937,ai
-0.35,-0.3642931622748315,ai
-0.35,-0.3528157386419509,ai
-0.35,-0.3549481259769944,ai
-0.35,-0.35616749478570975,ai
-0.35,-0.35442747331878494,ai
-0.35,-0.4079425516499573,ai
-0.35,-0.3558088567996142,ai
-0.34,-0.3555570596889663,ai
-0.34,-0.3408881826365078,ai
-0.34,-0.35856379474326017,ai
-0.34,-0.3472988851491207,ai
-0.34,-0.3624230258912498,ai
-0.34,-0.39582309899141044,ai
-0.34,-0.3462155153266953,ai
-0.33,-0.3243486819751653,ai
-0.33,-0.3344668830546041,ai
-0.33,-0.3280366848200921,ai
-0.33,-0.3620802402076359,ai
-0.33,-0.34463372657249985,ai
-0.33,-0.3408000680408214,ai
-0.33,-0.370587553206288,ai
-0.32,-0.3309358448592403,ai
-0.32,-0.3323661262460809,ai
-0.32,-0.3269026312807154,ai
-0.32,-0.3298880580591918,ai
-0.32,-0.3256660846223965,ai
-0.32,-0.4100190431328618,ai
-0.32,-0.32492971552935335,ai
-0.31,-0.31789371540999667,ai
-0.31,-0.3321089468041764,ai
-0.31,-0.3014158070012652,ai
-0.31,-0.3228567381867695,ai
-0.31,-0.29154839584863723,ai
-0.31,-0.3265573818965258,ai
-0.31,-0.451583609267086,ai
-0.3,-0.32874643806444886,ai
-0.3,-0.29513226239411705,ai
-0.3,-0.3454064697530991,ai
-0.3,-0.3156938003981172,ai
-0.3,-0.3024673674549149,ai
-0.3,-0.2960940784364158,ai
-0.3,-0.3042124572756753,ai
-0.29,-0.3035459111079678,ai
-0.29,-0.29669110376351626,ai
-0.29,-0.3292376535148052,ai
-0.29,-0.2756420457642118,ai
-0.29,-0.29884015224395055,ai
-0.29,-0.3054981307609124,ai
-0.29,-0.2867956278145184,ai
-0.28,-0.308712607708033,ai
-0.28,-0.26921391873653155,ai
-0.28,-0.3116935599099314,ai
-0.28,-0.29198426995808685,ai
-0.28,-0.3010237518256612,ai
-0.28,-0.2917472730591316,ai
-0.28,-0.3247264342422128,ai
-0.27,-0.28608634721232334,ai
-0.27,-0.31257949605870033,ai
-0.27,-0.3174353287983231,ai
-0.27,-0.29037526446713835,ai
-0.27,-0.28978789319496917,ai
-0.27,-0.2833858023283816,ai
-0.27,-0.24037577824651749,ai
-0.26,-0.2601774362914244,ai
-0.26,-0.22353439377855802,ai
-0.26,-0.2571492124183651,ai
-0.26,-0.2626831829322437,ai
-0.26,-0.24980927118447324,ai
-0.26,-0.31646347976829425,ai
-0.26,-0.2732102733593287,ai
-0.25,-0.2659915694228345,ai
-0.25,-0.23742163529432012,ai
-0.25,-0.26312387554400646,ai
-0.25,-0.24723671016007834,ai
-0.25,-0.283501745801689,ai
-0.25,-0.2477962416315674,ai
-0.25,-0.25059919757467436,ai
-0.24,-0.2558822698425094,ai
-0.24,-0.2715212285859841,ai
-0.24,-0.22716020637821135,ai
-0.24,-0.2466642959341222,ai
-0.24,-0.24099606183633018,ai
-0.24,-0.23463246086296355,ai
-0.24,-0.26679703861892134,ai
-0.23,-0.2223241380516414,ai
-0.23,-0.30152618838874146,ai
-0.23,-0.2604414971754671,ai
-0.23,-0.23411910851437767,ai
-0.23,-0.24630080481694192,ai
-0.23,-0.25559218131975076,ai
-0.23,-0.19705358134640144,ai
-0.22,-0.24506251512822735,ai
-0.22,-0.2401591463334704,ai
-0.22,-0.26079126051369994,ai
-0.22,-0.22374429663245646,ai
-0.22,-0.20609258465258878,ai
-0.22,-0.23020570347139524,ai
-0.22,-0.2358601738568172,ai
-0.21,-0.20853596521272122,ai
-0.21,-0.21122659275945388,ai
-0.21,-0.218494139339902,ai
-0.21,-0.24566219618591636,ai
-0.21,-0.2203445966666042,ai
-0.21,-0.21132518714173631,ai
-0.21,-0.19682774227641148,ai
-0.2,-0.21725674161233616,ai
-0.2,-0.21998913327780964,ai
-0.2,-0.18819659085400328,ai
-0.2,-0.46332698278210804,ai
-0.2,-0.18925414586436665,ai
-0.2,-0.20881509289769218,ai
-0.2,-0.20710901021767572,ai
-0.19,-0.1773724547493682,ai
-0.19,-0.20198227155014886,ai
-0.19,-0.1795813468507937,ai
-0.19,-0.17594210500957533,ai
-0.19,-0.19017704211269684,ai
-0.19,-0.1764931946914966,ai
-0.19,-0.1593692145977882,ai
-0.18,-0.18359980924297112,ai
-0.18,-0.17220107616309172,ai
-0.18,-0.1941626456443333,ai
-0.18,-0.17460963621021217,ai
-0.18,-0.17232238519998144,ai
-0.18,-0.17572026259239343,ai
-0.18,-0.16817379144707822,ai
-0.17,-0.18062568390931216,ai
-0.17,-0.1649030866769703,ai
-0.17,-0.17244394664620172,ai
-0.17,-0.15018028111998818,ai
-0.17,-0.16334083466756952,ai
-0.17,-0.17172308028350874,ai
-0.17,-0.22640599692960953,ai
-0.16,-0.1368602532242051,ai
-0.16,-0.14415413237654384,ai
-0.16,-0.15331853566403927,ai
-0.16,-0.1479771053113629,ai
-0.16,-0.1545615570400071,ai
-0.16,-0.1662736327258421,ai
-0.16,-0.16719200575957488,ai
-0.15,-0.14374242319757494,ai
-0.15,-0.15260341890474804,ai
-0.15,-0.14514530797539452,ai
-0.15,-0.18757600272078695,ai
-0.15,-0.13884698724814687,ai
-0.15,-0.14417291154500964,ai
-0.15,-0.1441212850706601,ai
-0.14,-0.14032483227741008,ai
-0.14,-0.13154614737911083,ai
-0.14,-0.12251268327779342,ai
-0.14,-0.06054273766741161,ai
-0.14,-0.14602970814963973,ai
-0.14,-0.14915646785810993,ai
-0.14,-0.15968940457961803,ai
-0.13,-0.13481853115119574,ai
-0.13,-0.10303678504873912,ai
-0.13,-0.12517799102683622,ai
-0.13,-0.1282737626082579,ai
-0.13,-0.11868002717004013,ai
-0.13,-0.12809359677429843,ai
-0.13,-0.1235072944006065,ai
-0.12,-0.08682659781270397,ai
-0.12,-0.14250424625443572,ai
-0.12,-0.10073029815335202,ai
-0.12,-0.11703811044217864,ai
-0.12,-0.11507689024634903,ai
-0.12,-0.1478990693560657,ai
-0.12,-0.10839115255941253,ai
-0.11,-0.10555670032060675,ai
-0.11,-0.10750529832368874,ai
-0.11,-0.016480900407971948,ai
-0.11,-0.13230800393126324,ai
-0.11,-0.09910522316129831,ai
-0.11,-0.10159606474957533,ai
-0.11,-0.09505335382268361,ai
-0.1,-0.09480588885276879,ai
-0.1,-0.05368333756949235,ai
-0.1,-0.07053691558256492,ai
-0.1,-0.09471984219307265,ai
-0.1,-0.1036580991850201,ai
-0.1,-0.0942771535484972,ai
-0.1,-0.004979351731494147,ai
-0.09,-0.07721379476600161,ai
-0.09,-0.07155720021997387,ai
-0.09,-0.08931146112905276,ai
-0.09,-0.07901221645066367,ai
-0.09,-0.20766848249392697,ai
-0.09,-0.009545610974627517,ai
-0.09,-0.06197279567555324,ai
-0.08,-0.08572745180258246,ai
-0.08,-0.08245306915796945,ai
-0.08,-0.05485705184643738,ai
-0.08,-0.07997957225436529,ai
-0.08,-0.061045365987971244,ai
-0.08,-0.07556156216966399,ai
-0.08,-0.07235799717135545,ai
-0.07,-0.06412547748225148,ai
-0.07,-0.04744022025649201,ai
-0.07,-0.0443837316081882,ai
-0.07,-0.02760858662656694,ai
-0.07,-0.0440414555802129,ai
-0.07,-0.06678615680964926,ai
-0.07,-0.06671266396154951,ai
-0.06,-0.06408695398653859,ai
-0.06,0.011022766466812363,ai
-0.06,-0.05845247338493789,ai
-0.06,-0.052694139001207424,ai
-0.06,0.0550564977353828,ai
-0.06,0.09154502857569678,ai
-0.06,-0.051998709066270174,ai
-0.05,0.035371943497173354,ai
-0.05,-0.028262530222022016,ai
-0.05,0.013633009832143786,ai
-0.05,-0.06940594835859673,ai
-0.05,-0.05019286472715129,ai
-0.05,-0.050165766799427906,ai
-0.05,-0.03534381159527634,ai
-0.04,-0.03142670663472217,ai
-0.04,-0.07370262574142096,ai
-0.04,-0.044727899550196376,ai
-0.04,0.05031049443108443,ai
-0.04,-0.034277729210285726,ai
-0.04,-0.025495978387901068,ai
-0.04,-0.03431770266120531,ai
-0.03,-0.024961317449484932,ai
-0.03,-0.14813866345437285,ai
-0.03,0.0032316752428872835,ai
-0.03,-0.0035023538546200567,ai
-0.03,-0.02112248833665447,ai
-0.03,-0.023327852460452138,ai
-0.03,-0.02458694755199322,ai
-0.02,0.0080305530997575,ai
-0.02,-0.026631702653043286,ai
-0.02,0.002026462211435232,ai
-0.02,-0.17424768763243176,ai
-0.02,0.0033917571729340547,ai
-0.02,0.028023230070877144,ai
-0.02,-0.008512313148940683,ai
-0.01,-0.0041268328686965144,ai
-0.01,0.00028314194778498254,ai
-0.01,0.308615873844649,ai
-0.01,0.011208544753940907,ai
-0.01,-0.003678808518388581,ai
-0.01,-0.11565946529660966,ai
-0.01,-0.02859632860614999,ai
-0.0,0.003118008886880047,ai
0.0,0.0864528788650109,ai
0.0,0.02128347286353971,ai
-0.0,-0.08569628091088233,ai
0.0,0.0004366123271939573,ai
-0.0,-0.07797249810894885,ai
0.0,0.0066825804593261895,ai
0.01,0.018768253669235443,ai
0.01,0.015699868309730636,ai
0.01,0.026199723619573078,ai
0.01,-0.024859290659917366,ai
0.01,-0.006243759174506667,ai
0.01,0.013721688135478572,ai
0.01,0.03636704987010699,ai
0.02,0.013946084125542116,ai
0.02,0.007534869574209398,ai
0.02,0.033673394799796405,ai
0.02,0.03312193171580625,ai
0.02,0.013742373190116336,ai
0.02,0.1280353836290371,ai
0.02,0.02938446380464974,ai
0.03,0.009859049019237563,ai
0.03,0.07185336683879338,ai
0.03,0.03802781111715094,ai
0.03,0.026295949320282792,ai
0.03,0.028785265916531126,ai
0.03,0.04920013445402919,ai
0.03,0.09531771977821436,ai
0.04,0.037023615373310795,ai
0.04,0.03653550051866463,ai
0.04,0.006392901551892087,ai
0.04,0.04103470094993473,ai
0.04,0.04345933722537046,ai
0.04,0.1062421164726859,ai
0.04,0.18889451147504446,ai
0.05,0.02317711745237297,ai
0.05,-0.0029081302751142813,ai
0.05,0.24310158430932638,ai
0.05,0.06581719348390337,ai
0.05,0.04062026416773824,ai
0.05,0.07166960696540614,ai
0.05,0.0442514784525633,ai
0.06,0.061878482451552905,ai
0.06,0.06231536820879798,ai
0.06,0.1559967630312117,ai
0.06,0.06378058293742409,ai
0.06,0.0750161210754389,ai
0.06,0.019213132061814218,ai
0.06,0.0661656632672982,ai
0.07,0.07615187651806417,ai
0.07,0.046622718772942995,ai
0.07,0.09826441916101679,ai
0.07,0.08896188442112413,ai
0.07,0.09122001793283539,ai
0.07,0.06493206533057704,ai
0.07,0.06930901528306088,ai
0.08,0.07331852482693896,ai
0.08,0.09474687082960395,ai
0.08,0.06995402358247674,ai
0.08,0.23919682574929102,ai
0.08,0.07384494905679156,ai
0.08,0.07075147964447685,ai
0.08,0.10810416242410234,ai
0.09,0.13593440938921297,ai
0.09,0.09714694526006587,ai
0.09,0.16100878041420372,ai
0.09,0.0966450421643112,ai
0.09,0.11465732514693582,ai
0.09,0.14855831946217404,ai
0.09,0.09587807960298059,ai
0.1,0.0915978338302104,ai
0.1,0.09495991401339464,ai
0.1,0.014726885383040008,ai
0.1,0.14793990330051365,ai
0.1,0.1314842780561932,ai
0.1,0.10039706511493375,ai
0.1,0.1092995776031047,ai
0.11,0.15611465782325254,ai
0.11,0.1286873695323784,ai
0.11,0.1212770836441387,ai
0.11,0.07803717493675427,ai
0.11,0.10609065771427759,ai
0.11,0.10417071060633049,ai
0.11,0.12065239098821345,ai
0.12,0.12462866731629194,ai
0.12,0.042395381988074174,ai
0.12,0.09616378272052659,ai
0.12,0.13028786954353225,ai
0.12,0.1264598635511633,ai
0.12,0.13222135397192064,ai
0.12,0.08443338241368506,ai
0.13,0.11066671867318774,ai
0.13,0.1198611166035265,ai
0.13,0.08021889170868085,ai
0.13,-0.02033440798875917,ai
0.13,0.11277119400906722,ai
0.13,0.12939818842938347,ai
0.13,0.13145250800087596,ai
0.14,0.13654580088348117,ai
0.14,0.14124543510643742,ai
0.14,0.0993774157853624,ai
0.14,0.13530486771439906,ai
0.14,0.3086544003017551,ai
0.14,0.14086221139037391,ai
0.14,0.16813416833880937,ai
0.15,0.1112414489381238,ai
0.15,0.14879260609714473,ai
0.15,0.14324856963978216,ai
0.15,0.15342633691760194,ai
0.15,0.1593366773176341,ai
0.15,-0.03683412965569505,ai
0.15,0.16719457840895668,ai
0.16,0.1585945032344964,ai
0.16,0.15550348361891794,ai
0.16,0.15930465415054856,ai
0.16,0.14519236795497298,ai
0.16,0.15361187637627738,ai
0.16,0.12684559552691016,ai
0.16,0.12215156897812808,ai
0.17,0.18428380072492295,ai
0.17,0.24896559351870812,ai
0.17,0.16425736914376143,ai
0.17,0.17083257342360386,ai
0.17,0.16088703091565712,ai
0.17,0.1698061833105961,ai
0.17,0.49858842805641834,ai
0.18,0.16051757538354372,ai
0.18,0.1725906091790686,ai
0.18,0.1692238846713659,ai
0.18,0.17007781629127827,ai
0.18,0.18181070490955095,ai
0.18,0.21416428120524145,ai
0.18,0.2398068352856497,ai
0.19,0.15333792838266483,ai
0.19,0.19561467119624565,ai
0.19,0.19621157710442724,ai
0.19,0.20899699849934386,ai
0.19,0.165321496116358,ai
0.19,0.20035794630398962,ai
0.19,0.1895065189765784,ai
0.2,0.23504333233347469,ai
0.2,0.15133365671966093,ai
0.2,0.19677496937443467,ai
0.2,0.19375244901147645,ai
0.2,0.1938882262767452,ai
0.2,0.21445992192747393,ai
0.2,0.31797479021779784,ai
0.21,0.28440426964812016,ai
0.21,0.22576107448287308,ai
0.21,0.15938977824688472,ai
0.21,0.20254818204952238,ai
0.21,0.3259224812559696,ai
0.21,0.18991884080786256,ai
0.21,0.21646548145230599,ai
0.22,0.22477948095183684,ai
0.22,0.2175045397563227,ai
0.22,0.21433764209166956,ai
0.22,0.23386804071156977,ai
0.22,0.19491373416656765,ai
0.22,0.19870289502659166,ai
0.22,0.2119867836583415,ai
0.23,0.2309084394691512,ai
0.23,0.2207720549853958,ai
0.23,0.2290217390946176,ai
0.23,0.23487935159050688,ai
0.23,0.2262068521241638,ai
0.23,0.2124353281613099,ai
0.23,0.23282095692730279,ai
0.24,0.225854365625556,ai
0.24,0.25704224532624975,ai
0.24,0.35095283575194886,ai
0.24,0.19915886968072824,ai
0.24,0.2616790088288864,ai
0.24,0.2443912454406448,ai
0.24,0.2428095465282894,ai
0.25,0.3501231181778016,ai
0.25,0.2446057879354775,ai
0.25,0.20082533869103888,ai
0.25,0.24108770257430734,ai
0.25,0.253783512136362,ai
0.25,0.2350332509899898,ai
0.25,0.2509071666169639,ai
0.26,0.24178575709624073,ai
0.26,0.2544774878607993,ai
0.26,0.26350748827122966,ai
0.26,0.2564523556499639,ai
0.26,0.25031656184317463,ai
0.26,0.26923687463965656,ai
0.26,0.2552666244359686,ai
0.27,0.27344968128287594,ai
0.27,0.30772397515461136,ai
0.27,0.24509282317548522,ai
0.27,0.26159040440006537,ai
0.27,0.2841528231670095,ai
0.27,0.2673425367522904,ai
0.27,0.2829739641455941,ai
0.28,0.2923738196604065,ai
0.28,0.2830961063553279,ai
0.28,0.2785058229287305,ai
0.28,0.27824826273782854,ai
0.28,0.2765089987032557,ai
0.28,0.28130523053277,ai
0.28,0.2705819076542631,ai
0.29,0.2885528544944022,ai
0.29,0.4218755008775736,ai
0.29,0.3062652094543772,ai
0.29,0.2749367500932196,ai
0.29,0.30590805121465925,ai
0.29,0.286234890938013,ai
0.29,0.29473155974491494,ai
0.3,0.3031537029703807,ai
0.3,0.30668410894100473,ai
0.3,0.3090098308458532,ai
0.3,0.30018577334702756,ai
0.3,0.29720139310393606,ai
0.3,0.2455815468609612,ai
0.3,0.3027473750081334,ai
0.31,0.30947285893406185,ai
0.31,0.19445182681341525,ai
0.31,0.3106666951509347,ai
0.31,0.30698615328754836,ai
0.31,0.3286859131396869,ai
0.31,0.29735486252362797,ai
0.31,0.3065680388449031,ai
0.32,0.3220980185999679,ai
0.32,0.32231938681070776,ai
0.32,0.3555309699291346,ai
0.32,0.3264105778995724,ai
0.32,0.32631022307251834,ai
0.32,0.38219239632227064,ai
0.32,0.3157063351941306,ai
0.33,0.4081996724067283,ai
0.33,0.3263237813772623,ai
0.33,0.3294323429419947,ai
0.33,0.3451659230134161,ai
0.33,0.3361078338454131,ai
0.33,0.3814457107080804,ai
0.33,0.37355950676697175,ai
0.34,0.33560619721452956,ai
0.34,0.30558166235590367,ai
0.34,0.3516253119660403,ai
0.34,0.356372533289312,ai
0.34,0.38343386421912107,ai
0.34,0.3525398819525607,ai
0.34,0.3408646566231653,ai
0.35,0.3487854157848854,ai
0.35,0.3783265429176211,ai
0.35,0.37039631834731457,ai
0.35,0.34839653362602285,ai
0.35,0.35016251618412797,ai
0.35,0.3707649370300082,ai
0.35,0.36383520998993246,ai
0.36,0.3755830748513587,ai
0.36,0.3700690817282005,ai
0.36,0.35912954514109247,ai
0.36,0.3628403282398069,ai
0.36,0.3629328227095784,ai
0.36,0.3802734512763263,ai
0.36,0.3723717117862766,ai
0.37,0.3659790769495365,ai
0.37,0.3630653636223077,ai
0.37,0.36501801689479996,ai
0.37,0.3649027250574518,ai
0.37,0.5192604214128088,ai
0.37,0.3726178686765334,ai
0.37,0.3957650658774317,ai
0.38,0.38472115603551116,ai
0.38,0.37561490103080347,ai
0.38,0.3802066033488854,ai
0.38,0.37653401162399663,ai
0.38,0.37398715956830253,ai
0.38,0.4504086145997145,ai
0.38,0.3796822766916111,ai
0.39,0.396015589105048,ai
0.39,0.39272522023747,ai
0.39,0.39586905560241514,ai
0.39,0.39447427796813345,ai
0.39,0.3988655710662466,ai
0.39,0.38968391197835484,ai
0.39,0.39156666307688387,ai
0.4,0.398137271703193,ai
0.4,0.40502573518178003,ai
0.4,0.4317762146730176,ai
0.4,0.3949524637455448,ai
0.4,0.42645946677444013,ai
0.4,0.421581023698989,ai
0.4,0.4217292394767291,ai
0.41,0.4239261976907028,ai
0.41,0.41722650957536,ai
0.41,0.4627958186966772,ai
0.41,0.5196713367756151,ai
0.41,0.4154981843113166,ai
0.41,0.4079716577342519,ai
0.41,0.45942450621396347,ai
0.42,0.4242455311697287,ai
0.42,0.42357155261861856,ai
0.42,0.4218822679065448,ai
0.42,0.42406296709091956,ai
0.42,0.4189035600395818,ai
0.42,0.4173267977703636,ai
0.42,0.482117769960723,ai
0.43,0.4136065874576808,ai
0.43,0.43290324353486037,ai
0.43,0.47559325921011264,ai
0.43,0.4304219221364173,ai
0.43,0.43274208853935053,ai
0.43,0.4362861634996644,ai
0.43,0.43338748942235933,ai
0.44,0.3482983495527398,ai
0.44,0.43537139054110247,ai
0.44,0.43494107421516853,ai
0.44,0.44622741045547376,ai
0.44,0.4477270559295668,ai
0.44,0.4335207961918068,ai
0.44,0.4416504508226352,ai
0.45,0.45418593956659287,ai
0.45,0.4493737724077799,ai
0.45,0.568966396885427,ai
0.45,0.4536620686441986,ai
0.45,0.45349426084020317,ai
0.45,0.4495426951251986,ai
0.45,0.4537301066235345,ai
0.46,0.4659058376470591,ai
0.46,0.46088361710521863,ai
0.46,0.4616428605405057,ai
0.46,0.46414070379854394,ai
0.46,0.46905396180011893,ai
0.46,0.47227493426024314,ai
0.46,0.46336630694518277,ai
0.47,0.46911601036102757,ai
0.47,0.4749377635797102,ai
0.47,0.4708885791891862,ai
0.47,0.466869709957301,ai
0.47,0.4746784994210858,ai
0.47,0.4761979919287652,ai
0.47,0.4725222108316941,ai
0.48,0.4988664630860873,ai
0.48,0.47842655739393736,ai
0.48,0.48260421735153153,ai
0.48,0.4821711662104222,ai
0.48,0.5147349179380272,ai
0.48,0.4790660192382836,ai
0.48,0.4886307413309824,ai
0.49,0.5343584870296605,ai
0.49,0.4871939283656748,ai
0.49,0.5134306812749532,ai
0.49,0.5024120227685762,ai
0.49,0.5031935701709327,ai
0.49,0.4942073869593782,ai
0.49,0.5055262192446143,ai
0.5,0.49616794607065445,ai
0.5,0.4973729851267252,ai
0.5,0.49832052883586847,ai
0.5,0.4986234852596264,ai
0.5,0.503812497774528,ai
0.5,0.498397690146558,ai
0.5,0.5071877883734508,ai
0.51,0.5115016142104635,ai
0.51,0.5163687303521847,ai
0.51,0.5073219213629119,ai
0.51,0.5259884451079023,ai
0.51,0.5102070332471873,ai
0.51,0.5157208215318415,ai
0.51,0.5161363491155737,ai
0.52,0.5281499798746226,ai
0.52,0.5236889590317754,ai
0.52,0.5351698624037109,ai
0.52,0.5101623731345704,ai
0.52,0.527168883467729,ai
0.52,0.525091229893559,ai
0.52,0.5610402994604298,ai
0.53,0.5343406762545059,ai
0.53,0.5374940680072119,ai
0.53,0.5260614548834293,ai
0.53,0.5410336210858603,ai
0.53,0.535407709467482,ai
0.53,0.5394686529214425,ai
0.53,0.5778991348024245,ai
0.54,0.5486845444476778,ai
0.54,0.5442057540090626,ai
0.54,0.5513823869550293,ai
0.54,0.5478769392739063,ai
0.54,0.5458192461617023,ai
0.54,0.5584729760132645,ai
0.54,0.5474967689103751,ai
0.55,0.5576755620520738,ai
0.55,0.5683223912389117,ai
0.55,0.5536965272628763,ai
0.55,0.5572860748225079,ai
0.55,0.5531150669431029,ai
0.55,0.5497536051381907,ai
0.55,0.5561837594402438,ai
0.56,0.5780314457766013,ai
0.56,0.5621495929656667,ai
0.56,0.5702481866845082,ai
0.56,0.5658850978704334,ai
0.56,0.5583531986215191,ai
0.56,0.5676895946105341,ai
0.56,0.5800146180042163,ai
0.57,0.5877553963059879,ai
0.57,0.5698275045966439,ai
0.57,0.595600535858187,ai
0.57,0.5682534290162512,ai
0.57,0.5702229287545454,ai
0.57,0.590566509291295,ai
0.57,0.5719025803600647,ai
0.58,0.5933135690283873,ai
0.58,0.627852650790433,ai
0.58,0.6150638268787837,ai
0.58,0.5829568725743625,ai
0.58,0.5829282718094643,ai
0.58,0.5820950014818765,ai
0.58,0.5912133190847696,ai
0.59,0.5963429429567538,ai
0.59,0.6363634842370706,ai
0.59,0.595511889543331,ai
0.59,0.5934700545922557,ai
0.59,0.5857119058485653,ai
0.59,0.597655281998019,ai
0.59,0.6490487625252106,ai
0.6,0.6090252621703157,ai
0.6,0.6193555374689846,ai
0.6,0.6056805383572201,ai
0.6,0.6060209782496517,ai
0.6,0.6236361035215388,ai
0.6,0.6188923400341977,ai
0.6,0.6073583871516358,ai
0.61,0.6235445152749495,ai
0.61,0.6181887723795769,ai
0.61,0.6095713886354561,ai
0.61,0.6096464173289275,ai
0.61,0.6121645490034606,ai
0.61,0.6221173266023382,ai
0.61,0.6053512612703819,ai
0.62,0.6251364072324718,ai
0.62,0.6215359916496119,ai
0.62,0.624587547620066,ai
0.62,0.6383646008849272,ai
0.62,0.6357139985344152,ai
0.62,0.6254277275240212,ai
0.62,0.6532330390147267,ai
0.63,0.6430316765089177,ai
0.63,0.6662367938817484,ai
0.63,0.6404349358079072,ai
0.63,0.6370898527957599,ai
0.63,0.6340730461273847,ai
0.63,0.6429986126287159,ai
0.63,0.6402152826743449,ai
0.64,0.657661413083506,ai
0.64,0.6519718843295023,ai
0.64,0.646742570362082,ai
0.64,0.6570299994626814,ai
0.64,0.6511931493553683,ai
0.64,0.6550146714330235,ai
0.64,0.64754214949872,ai
0.65,0.6492031918477283,ai
0.65,0.6553273709228099,ai
0.65,0.6528277623013092,ai
0.65,0.6560831382139912,ai
0.65,0.6516235931749562,ai
0.65,0.713567025549013,ai
0.65,0.6606131366107664,ai
0.66,0.6718677274489899,ai
0.66,0.6701621225879995,ai
0.66,0.6792564727804807,ai
0.66,0.663129397113432,ai
0.66,0.6716636231578719,ai
0.66,0.6697217767047153,ai
0.66,0.6695463171023613,ai
0.67,0.690693436447782,ai
0.67,0.6871631621601668,ai
0.67,0.6892565604325855,ai
0.67,0.6747710102399074,ai
0.67,0.671609189913889,ai
0.67,0.6746245711575525,ai
0.67,0.6808778887074936,ai
0.68,0.6983759096817669,ai
0.68,0.6919656125352842,ai
0.68,0.6966522838291527,ai
0.68,0.6971001795977427,ai
0.68,0.6834811081864078,ai
0.68,0.6972357001343427,ai
0.68,0.6942164779031339,ai
0.69,0.6942794139397684,ai
0.69,0.717632953001588,ai
0.69,0.6958277925088111,ai
0.69,0.6976927394959365,ai
0.69,0.6977328059973368,ai
0.69,0.7596351294243202,ai
0.69,0.714449541044043,ai
0.7,0.7012715845699318,ai
0.7,0.7072778627420859,ai
0.7,0.7017998410332925,ai
0.7,0.7023898191578762,ai
0.7,0.700473583720563,ai
0.7,0.7246308661470108,ai
0.7,0.708575826464721,ai
0.71,0.7132485161532522,ai
0.71,0.7158780036665284,ai
0.71,0.8286682107015971,ai
0.71,0.7180977758323992,ai
0.71,0.7113592882084451,ai
0.71,0.7186282670056277,ai
0.71,0.7069568860447379,ai
0.72,0.7154052279090433,ai
0.72,0.7258738920036062,ai
0.72,0.7214334494769077,ai
0.72,0.7208907458051544,ai
0.72,0.7284692841262503,ai
0.72,0.723270628477179,ai
0.72,0.7258936790211719,ai
0.73,0.7320568272617446,ai
0.73,0.729904531896421,ai
0.73,0.793970577170476,ai
0.73,0.7325374689838651,ai
0.73,0.735033407364943,ai
0.73,0.7295226178252818,ai
0.73,0.73247028839906,ai
0.74,0.7760487852455593,ai
0.74,0.7762473116998492,ai
0.74,0.7345275018765973,ai
0.74,0.7412647447078531,ai
0.74,0.7443306476327413,ai
0.74,0.7402279674504186,ai
0.74,0.7487800380776707,ai
0.75,0.7564820392133309,ai
0.75,0.743863458497104,ai
0.75,0.7531430776722448,ai
0.75,0.7586711356720772,ai
0.75,0.7576399023461423,ai
0.75,0.7502618522150387,ai
0.75,0.7594454171548096,ai
0.76,0.7655795930496433,ai
0.76,0.7636290152694738,ai
0.76,0.7601633021643871,ai
0.76,0.7627200846996917,ai
0.76,0.7644231248849178,ai
0.76,0.7607088021966233,ai
0.76,0.767682245762793,ai
0.77,0.7741963859977121,ai
0.77,0.7752107132199259,ai
0.77,0.7747320475398121,ai
0.77,0.7728488495145188,ai
0.77,0.7729997584159438,ai
0.77,0.7723890451158335,ai
0.77,0.7736705597510714,ai
0.78,0.807168039110924,ai
0.78,0.7999569087868509,ai
0.78,0.7848041612340533,ai
0.78,0.7770276107729842,ai
0.78,0.7866476312669424,ai
0.78,0.8059122395216278,ai
0.78,0.7934264778135791,ai
0.79,0.7944861553863128,ai
0.79,0.787710216566233,ai
0.79,0.8096524509804177,ai
0.79,0.8346039031108345,ai
0.79,0.7925936228744993,ai
0.79,0.7965356163035731,ai
0.79,0.8124330764197325,ai
0.8,0.8061493839016277,ai
0.8,0.8102501412261356,ai
0.8,0.8121193583524345,ai
0.8,0.8062856128915646,ai
0.8,0.8038816516488668,ai
0.8,0.8064281302099053,ai
0.8,0.8005144564559433,ai
0.81,0.8243606504517131,ai
0.81,0.8072648897247925,ai
0.81,0.8093770760806721,ai
0.81,0.8220106394335231,ai
0.81,0.8155016437061119,ai
0.81,0.8198513032508606,ai
0.81,0.8150903830062726,ai
0.82,0.8796281250066821,ai
0.82,0.8215942610560164,ai
0.82,0.8267244379815809,ai
0.82,0.8200252966552216,ai
0.82,0.8108369975716438,ai
0.82,0.8380328284841813,ai
0.82,0.8503133044238692,ai
0.83,0.829800452436732,ai
0.83,0.8328168530972142,ai
0.83,0.8322744869444518,ai
0.83,0.8323308218853256,ai
0.83,0.8319441889188344,ai
0.83,0.8260607380536873,ai
0.83,0.8426480548823584,ai
0.84,0.8661704733249834,ai
0.84,0.856123576985572,ai
0.84,0.8396642015243387,ai
0.84,0.8386379694871451,ai
0.84,0.8426824387537889,ai
0.84,0.913508486701904,ai
0.84,0.8383175634375539,ai
0.85,0.8416489250294482,ai
0.85,0.8610660368210529,ai
0.85,0.8599506229453154,ai
0.85,0.8317851921776954,ai
0.85,0.875391899330598,ai
0.85,0.8503526977551832,ai
0.85,0.8412962288723002,ai
0.86,0.8680183347065532,ai
0.86,0.8735125455264247,ai
0.86,0.8617335057955235,ai
0.86,0.8632108450230287,ai
0.86,0.8580506328793087,ai
0.86,0.8630158998271763,ai
0.86,0.872644445309549,ai
0.87,0.8749766686739309,ai
0.87,0.8790378781808924,ai
0.87,0.8756208335611777,ai
0.87,0.876948070101146,ai
0.87,0.8797759658643343,ai
0.87,0.8787667757489379,ai
0.87,0.930206737461354,ai
0.88,0.8833313172203716,ai
0.88,0.8859854878688619,ai
0.88,0.8922569545429067,ai
0.88,0.9069188048218906,ai
0.88,0.8830264307743994,ai
0.88,0.9578706670913604,ai
0.88,0.8768997302507634,ai
0.89,0.9435557310156394,ai
0.89,0.8942862449933324,ai
0.89,0.9386884195119989,ai
0.89,0.8948968282058948,ai
0.89,0.9086883918446333,ai
0.89,0.889551464817327,ai
0.89,0.8935623464634724,ai
0.9,0.9028521620218183,ai
0.9,0.9169900713462136,ai
0.9,0.8972299142554765,ai
0.9,0.9016049670492293,ai
0.9,0.9192660184536504,ai
0.9,0.9090777005716725,ai
0.9,0.9071153297954808,ai
0.91,0.9108023106390993,ai
0.91,0.9144301862942176,ai
0.91,0.9063060431309877,ai
0.91,0.9036373075787736,ai
0.91,0.9078136415017778,ai
0.91,0.9113574564296053,ai
0.91,0.9166111678556499,ai
0.92,0.9238240791049537,ai
0.92,0.9211236074891227,ai
0.92,0.9258208748685742,ai
0.92,0.9213171787165496,ai
0.92,0.9191290714664215,ai
0.92,0.9184268055791965,ai
0.92,0.9799187295741816,ai
0.93,0.9270225531093755,ai
0.93,0.9262807532390229,ai
0.93,0.9331455720261288,ai
0.93,0.9300734577775773,ai
0.93,0.9355898845339959,ai
0.93,0.9344454808434767,ai
0.93,0.9324632420416114,ai
0.94,0.9400544921455045,ai
0.94,0.9370053166034283,ai
0.94,0.946384167387409,ai
0.94,0.9507583975762302,ai
0.94,0.9375081383471701,ai
0.94,0.9430747413027037,ai
0.94,0.9381473704604583,ai
0.95,0.9485162879551183,ai
0.95,0.9477720938583549,ai
0.95,0.9534400200785751,ai
0.95,0.9530406679383772,ai
0.95,0.9528721238696573,ai
0.95,0.9465216168746753,ai
0.95,0.9509688800147607,ai
0.96,0.9590593442404055,ai
0.96,0.9613732531047873,ai
0.96,0.9596811758914648,ai
0.96,0.9651539698757192,ai
0.96,0.9624348107080124,ai
0.96,0.9640771588410629,ai
0.96,0.9629662812598183,ai
0.97,0.9671935967820519,ai
0.97,0.9681354297781203,ai
0.97,0.9750300170107311,ai
0.97,0.9713257023682242,ai
0.97,0.9751046695416398,ai
0.97,0.9709447135337751,ai
0.97,0.9659045281354217,ai
0.98,0.9845123108784886,ai
0.98,0.9771803410649283,ai
0.98,0.9794251283899363,ai
0.98,0.9775031533784982,ai
0.98,0.9826678798809537,ai
0.98,0.978529082625107,ai
0.98,0.9826292690005632,ai
0.99,0.9939353422135943,ai
0.99,0.9908127401652138,ai
0.99,0.9929537611369643,ai
0.99,0.9935334610603862,ai
0.99,0.9912698729930155,ai
0.99,0.98607466532103,ai
0.99,0.9916463768204513,ai
1.0,0.9984693987546525,ai
1.0,0.9978973769982503,ai
1.0,0.9993438249688027,ai
1.0,0.9986995884223007,ai
1.0,0.9964509243961462,ai
1.0,0.9965241496302959,ai
1.0,1.0,ai
