datatype,transform,modelSeed,learning_rate,optimizer_name,blocks,padding,stride,kernel_size,real_best_mae_epoch,real_best_mae,tbdir
,transform_padding,38,0.063512210106407,Adam,5,4,2,7,1,0.5440368056297302,
,transform_padding,97,0.0171233759731639,SGD,5,4,2,7,28,0.1720343679189682,
,transform_padding,78,0.0572790447079962,SGD,4,4,2,7,28,0.1473646014928817,
,transform_padding,8,0.0886232650857624,Adam,3,2,4,3,29,0.3485135734081268,
,transform_padding,33,0.0082875223637681,RMSprop,5,4,2,7,29,0.4793767929077148,
,transform_padding,32,0.0010821382910613,Adam,3,6,6,7,19,0.2684804201126098,
,transform_padding,54,0.016973078532467,Adam,5,2,2,5,29,0.2246482372283935,
,transform_padding,52,0.0064874770660586,RMSprop,4,6,2,3,28,0.2163457125425338,
,transform_padding,49,0.0876197110102369,SGD,4,4,4,7,28,0.3170599937438965,
,transform_padding,94,2.0708485661206484e-05,SGD,4,4,4,5,8,0.4492289423942566,
,transform_padding,99,0.0136939864723756,SGD,4,4,2,7,29,0.1550282090902328,
,transform_padding,76,0.0030070162326071,SGD,4,4,2,7,26,0.1958501785993576,
,transform_padding,78,0.0295639882241421,SGD,4,4,2,7,22,0.1549938917160034,
,transform_padding,70,0.0359286105947178,SGD,4,4,2,3,18,0.2115643471479416,
,transform_padding,79,0.0336400390325894,SGD,4,6,6,5,29,0.3867521286010742,
,transform_padding,84,0.0910492703880982,SGD,4,4,2,7,23,0.145437404513359,
,transform_padding,65,0.0852598623416662,SGD,3,4,2,7,19,0.1787056773900985,
,transform_padding,87,0.0038985908561516,SGD,4,2,6,3,0,0.5470277667045593,
,transform_padding,64,0.0328999009404944,RMSprop,4,6,4,5,9,0.546867847442627,
,transform_padding,88,0.0976199944613017,SGD,3,4,2,7,10,0.2045891731977462,
,transform_padding,78,0.0318807088741989,SGD,4,4,2,7,29,0.1512757390737533,
,transform_padding,86,0.0378133557201923,SGD,4,4,2,7,29,0.1607300490140915,
,transform_padding,68,0.0153079789131822,SGD,4,4,2,7,28,0.1618085354566574,
,transform_padding,84,0.0326852446562814,SGD,4,4,2,7,23,0.150285929441452,
,transform_padding,89,0.049624259553013,SGD,4,4,2,7,24,0.1398070454597473,
,transform_padding,6,0.0560179565546443,SGD,4,4,2,7,25,0.1506606340408325,
,transform_padding,93,0.0993513810194266,Adam,4,2,4,3,5,0.5381299257278442,
,transform_padding,61,0.0103268574037461,RMSprop,3,4,2,5,29,0.1721623837947845,
,transform_padding,17,0.0476884538080522,SGD,4,6,6,7,3,0.3702359199523926,
,transform_padding,73,0.0616210203838959,Adam,5,4,2,7,0,0.5466442704200745,
,transform_padding,84,0.0210658223445084,SGD,4,4,2,7,26,0.1477862298488617,
,transform_padding,83,0.0199594973246832,SGD,4,4,2,7,29,0.1517145633697509,
,transform_padding,91,0.0573144088908608,SGD,4,4,2,7,16,0.148105576634407,
,transform_padding,100,0.020827182493952,SGD,4,4,2,7,26,0.1522779762744903,
,transform_padding,83,0.0596573902559023,SGD,5,2,2,7,22,0.1564061641693115,
,transform_padding,43,0.0092735973084364,RMSprop,4,4,6,7,11,0.2861752510070801,
,transform_padding,92,0.0200852935643568,Adam,5,4,2,7,1,0.5451647639274597,
,transform_padding,59,0.056033267521617,SGD,3,4,2,7,6,0.1933441162109375,
,transform_padding,71,0.0063266989119187,RMSprop,4,2,4,3,4,0.3621551990509033,
,transform_padding,95,0.0224253777176382,SGD,5,6,2,7,26,0.1631249636411667,
,transform_padding,90,0.0529173370426654,SGD,4,4,2,7,23,0.1568314880132675,
,transform_padding,38,0.063512210106407,Adam,5,4,2,7,19,0.5464342832565308,
,transform_padding,97,0.0171233759731639,SGD,5,4,2,7,29,0.1672521531581878,
,transform_padding,78,0.0572790447079962,SGD,4,4,2,7,13,0.1513437628746032,
,transform_padding,8,0.0886232650857624,Adam,3,2,4,3,29,0.2954262793064117,
,transform_padding,33,0.0082875223637681,RMSprop,5,4,2,7,29,0.5425481796264648,
,transform_padding,32,0.0010821382910613,Adam,3,6,6,7,20,0.2495190948247909,
,transform_padding,54,0.016973078532467,Adam,5,2,2,5,29,0.5158054828643799,
,transform_padding,52,0.0064874770660586,RMSprop,4,6,2,3,29,0.1811286211013794,
,transform_padding,49,0.0876197110102369,SGD,4,4,4,7,13,0.2379400730133056,
,transform_padding,94,2.0708485661206484e-05,SGD,4,4,4,5,1,0.4288920164108276,
,transform_padding,99,0.0136939864723756,SGD,4,4,2,7,29,0.1578293591737747,
,transform_padding,76,0.0030070162326071,SGD,4,4,2,7,28,0.1857688128948211,
,transform_padding,78,0.0295639882241421,SGD,4,4,2,7,28,0.1580282151699066,
,transform_padding,78,0.0359286105947178,SGD,4,4,2,3,29,0.1755255758762359,
,transform_padding,88,0.0051498563365056,SGD,4,6,6,5,18,0.3680541515350342,
,transform_padding,69,0.022729045088307,SGD,4,4,2,7,28,0.1520343422889709,
,transform_padding,65,0.0394179209879416,SGD,3,4,2,7,29,0.1864140033721923,
,transform_padding,71,0.0862574134835177,SGD,4,2,6,3,0,0.5465763807296753,
,transform_padding,65,0.0022073586476372,RMSprop,4,6,4,5,14,0.2718764841556549,
,transform_padding,86,0.0201543158214122,SGD,3,4,2,7,29,0.1824800819158554,
,transform_padding,100,0.0147228171736221,SGD,4,4,2,7,28,0.1554602831602096,
,transform_padding,86,0.0378133557201923,SGD,4,4,2,7,28,0.1517199277877807,
,transform_padding,85,0.049117908831172,SGD,4,4,2,7,29,0.1776286959648132,
,transform_padding,64,0.0299279909219138,SGD,4,4,2,7,28,0.1474850177764892,
,transform_padding,60,0.0421223999048777,SGD,4,4,2,7,28,0.1510073989629745,
,transform_padding,61,0.0921482818995168,SGD,4,4,2,7,26,0.1378910541534423,
,transform_padding,44,0.0993513810194266,Adam,4,2,4,3,0,0.5396644473075867,
,transform_padding,62,0.007999756618792,RMSprop,3,4,2,5,29,0.1234185099601745,
,transform_padding,39,0.0071333433875193,RMSprop,3,6,6,5,25,0.2778090834617615,
,transform_padding,25,0.0115986301730236,RMSprop,3,4,2,5,29,0.1552807688713073,
,transform_padding,56,0.0507381411723001,RMSprop,3,4,2,5,29,0.3012587428092956,
,transform_padding,62,0.0287211269809629,RMSprop,3,4,2,5,25,0.1320986449718475,
,transform_padding,61,0.0241464162790034,RMSprop,3,4,2,5,23,0.1237316876649856,
,transform_padding,46,0.0216335645913736,RMSprop,3,4,2,5,28,0.1786253452301025,
,transform_padding,60,0.0107571659222339,RMSprop,3,4,2,5,29,0.1523540318012237,
,transform_padding,58,0.0598294809636243,RMSprop,3,2,2,5,28,0.2866371870040893,
,transform_padding,71,0.0243334791122277,RMSprop,3,4,6,5,11,0.3889564275741577,
,transform_padding,20,0.0646905918587342,RMSprop,5,4,2,5,29,0.5465517044067383,
,transform_padding,40,0.0086846686892653,RMSprop,3,2,2,5,27,0.1512413918972015,
,transform_padding,50,0.0043985003320364,RMSprop,3,4,4,5,21,0.2243568748235702,
,transform_padding,63,0.0284011791425522,Adam,5,4,2,5,1,0.5462422370910645,
,transform_padding,38,0.063512210106407,Adam,5,4,2,7,0,0.5515612363815308,
,transform_padding,97,0.0171233759731639,SGD,5,4,2,7,28,0.2119300812482834,
,transform_padding,78,0.0572790447079962,SGD,4,4,2,7,28,0.2026798129081726,
,transform_padding,8,0.0886232650857624,Adam,3,2,4,3,28,0.4234427809715271,
,transform_padding,33,0.0082875223637681,RMSprop,5,4,2,7,16,0.4398767352104187,
,transform_padding,32,0.0010821382910613,Adam,3,6,6,7,6,0.2984194755554199,
,transform_padding,54,0.016973078532467,Adam,5,2,2,5,29,0.2783905267715454,
,transform_padding,52,0.0064874770660586,RMSprop,4,6,2,3,29,0.2225480079650879,
,transform_padding,49,0.0876197110102369,SGD,4,4,4,7,24,0.315254658460617,
,transform_padding,94,2.0708485661206484e-05,SGD,4,4,4,5,5,0.4346399009227752,
,transform_padding,99,0.0136939864723756,SGD,4,4,2,7,29,0.2165193855762481,
,transform_padding,78,0.0265725808597423,SGD,5,4,2,7,22,0.2165382355451584,
,transform_padding,80,0.0029780054829285,SGD,4,4,2,7,24,0.2307704389095306,
,transform_padding,80,0.0284674128349914,SGD,3,4,2,3,2,0.2390116453170776,
,transform_padding,69,0.0348965946571749,SGD,5,6,6,5,5,0.4247715473175049,
,transform_padding,90,0.0038455845848535,SGD,4,4,2,7,28,0.2238148301839828,
,transform_padding,67,0.0852598623416662,SGD,4,4,2,7,29,0.2168417572975158,
,transform_padding,88,0.0143456245508017,SGD,5,2,6,3,0,0.5517638921737671,
,transform_padding,67,0.0371278980044358,RMSprop,3,6,4,5,24,0.2856868505477905,
,transform_padding,100,0.0022811287575472,SGD,5,4,2,7,29,0.3005852103233337,
,transform_padding,99,0.01233352850492,SGD,4,4,2,7,29,0.218105673789978,
,transform_padding,86,0.0110723236956696,SGD,4,4,2,7,29,0.217086374759674,
,transform_padding,100,0.041058856644552,SGD,4,4,2,7,29,0.2122821062803268,
,transform_padding,72,0.0299279909219138,SGD,4,4,2,7,28,0.2125255167484283,
,transform_padding,85,0.0423386899212652,SGD,4,4,2,7,29,0.2095632553100586,
,transform_padding,60,0.0921684133374883,SGD,4,4,2,7,22,0.2125152051448822,
,transform_padding,85,0.0510274301209518,Adam,3,6,4,3,3,0.44308802485466,
,transform_padding,3,0.0236392818634789,RMSprop,4,2,2,5,24,0.1909159868955612,
,transform_padding,3,0.053733193054563,RMSprop,4,2,6,5,29,0.4825057983398437,
,transform_padding,18,0.051770475615357,RMSprop,4,2,2,5,29,0.4470886588096618,
,transform_padding,41,0.0210255481445573,RMSprop,4,2,2,5,28,0.2081125080585479,
,transform_padding,24,0.0237756719074329,RMSprop,4,2,2,5,29,0.1858149021863937,
,transform_padding,20,0.0059473027440375,RMSprop,4,2,2,5,22,0.1969299912452697,
,transform_padding,15,0.0066021376273212,RMSprop,4,2,2,5,22,0.1703706979751587,
,transform_padding,17,0.0066985763909072,RMSprop,4,2,2,5,29,0.2018683850765228,
,transform_padding,18,0.0043861953724846,RMSprop,4,2,2,5,29,0.1688233613967895,
,transform_padding,12,0.0043920304257527,RMSprop,4,2,6,5,12,0.4387762546539306,
,transform_padding,27,0.0016120177062223,RMSprop,4,2,2,5,29,0.1891733407974243,
,transform_padding,24,0.0018441283202419,RMSprop,3,2,2,5,24,0.212102934718132,
,transform_padding,29,0.0011231993462271,RMSprop,4,2,4,5,5,0.28791344165802,
,transform_padding,3,0.0045423284073019,RMSprop,4,2,2,5,28,0.1964298486709594,
,transform_padding,38,0.063512210106407,Adam,5,4,2,7,1,0.554767370223999,
,transform_padding,97,0.0171233759731639,SGD,5,4,2,7,29,0.1455870866775512,
,transform_padding,78,0.0572790447079962,SGD,4,4,2,7,24,0.1519093364477157,
,transform_padding,8,0.0886232650857624,Adam,3,2,4,3,26,0.3801745176315307,
,transform_padding,33,0.0082875223637681,RMSprop,5,4,2,7,28,0.4757517278194427,
,transform_padding,32,0.0010821382910613,Adam,3,6,6,7,15,0.2530698776245117,
,transform_padding,54,0.016973078532467,Adam,5,2,2,5,29,0.1607494950294494,
,transform_padding,52,0.0064874770660586,RMSprop,4,6,2,3,29,0.2169005125761032,
,transform_padding,49,0.0876197110102369,SGD,4,4,4,7,21,0.2564594745635986,
,transform_padding,98,1.056790089450164e-05,SGD,5,4,4,5,4,0.4655730128288269,
,transform_padding,96,0.0136939864723756,SGD,4,4,2,7,29,0.1514016985893249,
,transform_padding,100,0.0030070162326071,SGD,4,4,2,7,29,0.1703546047210693,
,transform_padding,80,0.0177087471496823,SGD,4,4,2,7,17,0.1710553169250488,
,transform_padding,80,0.0022943418230409,SGD,3,4,2,3,27,0.2189317196607589,
,transform_padding,87,0.0287335205817641,SGD,5,6,6,5,3,0.4268327355384826,
,transform_padding,67,0.0078148283167517,SGD,4,4,2,7,27,0.1698179244995117,
,transform_padding,90,0.0294558446620244,SGD,4,4,2,7,23,0.1525467634201049,
,transform_padding,68,0.0005279980331125,SGD,5,2,6,3,0,0.5548750162124634,
,transform_padding,10,0.0133465685570984,RMSprop,3,6,4,5,20,0.2316600084304809,
,transform_padding,91,0.0040753168601206,SGD,5,4,2,7,29,0.2195077985525131,
,transform_padding,75,0.0376548505278873,SGD,4,4,2,7,19,0.1495482325553894,
,transform_padding,68,0.0338774961362335,SGD,4,4,2,7,25,0.1532360762357711,
,transform_padding,100,0.0427354608017588,SGD,4,4,2,7,28,0.1514686197042465,
,transform_padding,85,0.0181574756659314,SGD,4,4,2,7,23,0.1540831923484802,
,transform_padding,73,0.0109214246498863,SGD,4,4,2,7,27,0.1621136665344238,
,transform_padding,92,0.0916884409857126,SGD,4,4,2,7,29,0.1469371318817138,
,transform_padding,64,0.0993513810194266,Adam,3,2,4,3,25,0.333819031715393,
,transform_padding,92,0.0504800557192293,RMSprop,4,4,2,5,9,0.5548099279403687,
,transform_padding,82,0.0520286846616841,SGD,5,6,6,7,8,0.3270741403102875,
,transform_padding,74,0.0912115005897858,Adam,5,4,2,7,0,0.5542554259300232,
,transform_padding,94,0.0284820174482372,SGD,4,4,2,7,27,0.1615741401910781,
,transform_padding,93,0.0223908367049225,SGD,4,4,2,7,22,0.1528606712818145,
,transform_padding,84,0.0476722636060761,SGD,4,4,2,7,17,0.1465787887573242,
,transform_padding,59,0.0566773203473819,SGD,4,4,2,7,15,0.1501419395208358,
,transform_padding,75,0.0486173558751485,SGD,4,2,2,7,27,0.1462332308292389,
,transform_padding,84,0.0529201428014075,Adam,3,2,2,7,26,0.1988297700881958,
,transform_padding,20,0.023314203370049,SGD,4,2,2,7,16,0.1477392017841339,
,transform_padding,43,0.0986831893141293,RMSprop,5,2,4,3,0,0.5548750162124634,
,transform_padding,61,0.0603172144952171,SGD,4,2,2,7,28,0.1451651006937027,
,transform_padding,60,0.0521525533611249,SGD,4,2,2,7,14,0.1407019793987274,
,transform_padding,38,0.063512210106407,Adam,5,4,2,7,29,0.5209292769432068,
,transform_padding,97,0.0171233759731639,SGD,5,4,2,7,19,0.1615011543035507,
,transform_padding,78,0.0572790447079962,SGD,4,4,2,7,29,0.1458154022693634,
,transform_padding,8,0.0886232650857624,Adam,3,2,4,3,28,0.3522429466247558,
,transform_padding,33,0.0082875223637681,RMSprop,5,4,2,7,29,0.4503118693828583,
,transform_padding,32,0.0010821382910613,Adam,3,6,6,7,12,0.2445863485336303,
,transform_padding,54,0.016973078532467,Adam,5,2,2,5,29,0.1647775769233703,
,transform_padding,52,0.0064874770660586,RMSprop,4,6,2,3,28,0.179358035326004,
,transform_padding,49,0.0876197110102369,SGD,4,4,4,7,28,0.2474601715803146,
,transform_padding,94,2.0708485661206484e-05,SGD,4,4,4,5,19,0.4374676644802093,
,transform_padding,99,0.0136939864723756,SGD,4,4,2,7,29,0.1581939905881881,
,transform_padding,76,0.0030070162326071,SGD,4,4,2,7,28,0.1688024401664734,
,transform_padding,78,0.0295639882241421,SGD,4,4,2,7,29,0.1539349555969238,
,transform_padding,70,0.0359286105947178,SGD,4,4,2,3,26,0.1539743989706039,
,transform_padding,79,0.0336400390325894,SGD,4,6,6,5,29,0.367279052734375,
,transform_padding,84,0.0910492703880982,SGD,4,4,2,7,29,0.1340318471193313,
,transform_padding,65,0.0852598623416662,SGD,3,4,2,7,21,0.1508358120918274,
,transform_padding,87,0.0038985908561516,SGD,4,2,6,3,0,0.5679236650466919,
,transform_padding,64,0.0328999009404944,RMSprop,4,6,4,5,1,0.5677728652954102,
,transform_padding,88,0.0976199944613017,SGD,3,4,2,7,29,0.1552032083272934,
,transform_padding,63,0.0954355925066903,SGD,3,4,2,7,29,0.1454046070575714,
,transform_padding,86,0.037597124391512,SGD,3,4,2,7,25,0.1564823389053344,
,transform_padding,62,0.0153079789131822,SGD,3,4,2,7,28,0.1612586975097656,
,transform_padding,72,0.0595012548842811,SGD,3,4,2,7,28,0.154543250799179,
,transform_padding,81,0.0444731933926834,SGD,4,4,2,7,24,0.1408728063106537,
,transform_padding,6,0.0253543725917984,SGD,3,4,2,7,28,0.1494496464729309,
,transform_padding,85,0.0993513810194266,Adam,4,2,4,3,14,0.4349312782287597,
,transform_padding,18,0.0414031873579096,RMSprop,3,4,2,5,29,0.1573824137449264,
,transform_padding,46,0.0476884538080522,SGD,4,6,6,7,8,0.3180384635925293,
,transform_padding,61,0.0115986301730236,Adam,5,4,2,7,25,0.2318098992109298,
,transform_padding,83,0.0559915723495447,SGD,4,4,2,7,25,0.1423087865114212,
,transform_padding,70,0.0522936118022577,SGD,4,4,2,7,29,0.1298892498016357,
,transform_padding,95,0.0225445289511263,SGD,4,4,2,7,24,0.1448498666286468,
,transform_padding,82,0.0479623753750261,SGD,4,4,2,7,27,0.1512011438608169,
,transform_padding,72,0.0546229980098557,SGD,4,4,2,7,28,0.1333942711353302,
,transform_padding,71,0.0211508224849832,RMSprop,4,2,2,7,29,0.1602277308702469,
,transform_padding,93,0.0082355772904302,SGD,4,4,6,7,9,0.3263130784034729,
,transform_padding,58,0.0646905918587342,Adam,5,4,2,7,29,0.5370745658874512,
,transform_padding,43,0.0210637080401872,SGD,4,2,2,3,27,0.168792188167572,
,transform_padding,69,0.0111028639135553,RMSprop,5,4,4,7,22,0.3249453008174896,
,transform_padding,90,0.0551570340103501,SGD,4,4,2,7,24,0.1408336162567138,
,transform_padding,38,0.063512210106407,Adam,5,4,2,7,1,0.5436780452728271,
,transform_padding,97,0.0171233759731639,SGD,5,4,2,7,20,0.2380053699016571,
,transform_padding,78,0.0572790447079962,SGD,4,4,2,7,23,0.2192221879959106,
,transform_padding,8,0.0886232650857624,Adam,3,2,4,3,24,0.3760287761688232,
,transform_padding,33,0.0082875223637681,RMSprop,5,4,2,7,26,0.4794179797172546,
,transform_padding,32,0.0010821382910613,Adam,3,6,6,7,3,0.2704545259475708,
,transform_padding,54,0.016973078532467,Adam,5,2,2,5,29,0.3937344551086426,
,transform_padding,52,0.0064874770660586,RMSprop,4,6,2,3,25,0.2817913889884949,
,transform_padding,49,0.0876197110102369,SGD,4,4,4,7,19,0.2936402559280395,
,transform_padding,94,2.0708485661206484e-05,SGD,4,4,4,5,17,0.4300379157066345,
,transform_padding,99,0.0136939864723756,SGD,4,4,2,7,29,0.226225346326828,
,transform_padding,76,0.0030070162326071,SGD,4,4,2,7,28,0.227430909872055,
,transform_padding,78,0.0295639882241421,SGD,4,4,2,7,29,0.2239788472652435,
,transform_padding,70,0.0359286105947178,SGD,4,4,2,3,20,0.2400384396314621,
,transform_padding,79,0.0336400390325894,SGD,4,6,6,5,17,0.4357852339744568,
,transform_padding,84,0.0910492703880982,SGD,4,4,2,7,29,0.213828831911087,
,transform_padding,65,0.0852598623416662,SGD,3,4,2,7,29,0.247342824935913,
,transform_padding,87,0.0038985908561516,SGD,4,2,6,3,0,0.5441597700119019,
,transform_padding,64,0.0328999009404944,RMSprop,4,6,4,5,17,0.5426582098007202,
,transform_padding,88,0.0976199944613017,SGD,3,4,2,7,28,0.2413707375526428,
,transform_padding,78,0.0318807088741989,SGD,4,4,2,7,3,0.2254464924335479,
,transform_padding,86,0.037034258973965,SGD,4,4,2,7,24,0.2044163346290588,
,transform_padding,82,0.0153079789131822,SGD,4,4,2,7,23,0.2180477380752563,
,transform_padding,89,0.0126157512334299,SGD,4,4,2,7,29,0.2222404479980468,
,transform_padding,67,0.0226027818853718,SGD,4,4,2,7,19,0.2110359072685241,
,transform_padding,67,0.0344914477759579,SGD,4,4,2,7,29,0.2061495631933212,
,transform_padding,62,0.0051878367743047,Adam,4,2,4,3,16,0.3589080572128296,
,transform_padding,68,0.007896152613033,RMSprop,3,4,2,5,25,0.2423426359891891,
,transform_padding,39,0.0476884538080522,SGD,4,6,6,7,10,0.3329840302467346,
,transform_padding,10,0.0480595418049644,Adam,5,4,2,7,0,0.5437324047088623,
,transform_padding,71,0.0563982139424707,SGD,4,4,2,7,27,0.2175054997205734,
,transform_padding,58,0.0220609579456106,SGD,4,4,2,7,28,0.21629498898983,
,transform_padding,46,0.0233988504862993,SGD,4,4,2,7,23,0.2242726385593414,
,transform_padding,85,0.0511021643803128,SGD,4,4,2,7,25,0.2165666073560714,
,transform_padding,93,0.0650106901277738,SGD,5,4,2,7,25,0.2100973129272461,
,transform_padding,95,0.0127712854365948,RMSprop,5,2,2,7,22,0.5230478048324585,
,transform_padding,91,0.0203873081795497,SGD,5,4,6,7,2,0.4279915690422058,
,transform_padding,72,0.0646905918587342,Adam,5,4,2,7,2,0.5428802371025085,
,transform_padding,100,0.0077477981071378,SGD,5,2,2,3,17,0.25522181391716,
,transform_padding,61,0.0024931837574375,RMSprop,5,4,4,7,16,0.2740316987037658,
,transform_padding,83,0.0602370138006853,SGD,5,4,2,7,29,0.2165805101394653,
,transform_padding,38,0.063512210106407,Adam,5,4,2,7,3,0.5625604391098022,
,transform_padding,97,0.0171233759731639,SGD,5,4,2,7,8,0.1809915900230407,
,transform_padding,78,0.0572790447079962,SGD,4,4,2,7,22,0.1576228737831115,
,transform_padding,8,0.0886232650857624,Adam,3,2,4,3,29,0.4560326933860779,
,transform_padding,33,0.0082875223637681,RMSprop,5,4,2,7,27,0.4811146855354309,
,transform_padding,32,0.0010821382910613,Adam,3,6,6,7,0,0.2837986648082733,
,transform_padding,54,0.016973078532467,Adam,5,2,2,5,29,0.5137532949447632,
,transform_padding,52,0.0064874770660586,RMSprop,4,6,2,3,29,0.2175592631101608,
,transform_padding,49,0.0876197110102369,SGD,4,4,4,7,16,0.2631779313087463,
,transform_padding,94,2.0708485661206484e-05,SGD,4,4,4,5,25,0.4329530894756317,
,transform_padding,99,0.0136939864723756,SGD,4,4,2,7,25,0.1660789251327514,
,transform_padding,76,0.0030070162326071,SGD,4,4,2,7,8,0.1782577931880951,
,transform_padding,78,0.0295639882241421,SGD,4,4,2,7,22,0.1583468168973922,
,transform_padding,70,0.0359286105947178,SGD,4,4,2,3,26,0.1886784881353378,
,transform_padding,79,0.0336400390325894,SGD,4,6,6,5,11,0.3474983870983124,
,transform_padding,84,0.0910492703880982,SGD,4,4,2,7,28,0.1523608416318893,
,transform_padding,65,0.0852598623416662,SGD,3,4,2,7,8,0.1644575595855713,
,transform_padding,87,0.0038985908561516,SGD,4,2,6,3,0,0.56282639503479,
,transform_padding,64,0.0328999009404944,RMSprop,4,6,4,5,9,0.5625479817390442,
,transform_padding,88,0.0976199944613017,SGD,3,4,2,7,15,0.1629860252141952,
,transform_padding,78,0.0318807088741989,SGD,4,4,2,7,28,0.1563253253698349,
,transform_padding,86,0.0378133557201923,SGD,4,4,2,7,29,0.1543421447277069,
,transform_padding,86,0.0186740010799365,SGD,4,4,2,7,29,0.1501961797475814,
,transform_padding,89,0.0126157512334299,SGD,4,4,2,7,28,0.1715231984853744,
,transform_padding,68,0.0228377910359116,SGD,4,4,2,7,29,0.1554576009511947,
,transform_padding,87,0.0073569993700759,SGD,4,4,2,7,6,0.1732352972030639,
,transform_padding,100,0.043792841436823,Adam,4,2,4,3,26,0.3055079877376556,
,transform_padding,3,0.0505423735057767,RMSprop,3,4,2,5,25,0.1996781229972839,
,transform_padding,17,0.0542677401197811,SGD,4,6,6,7,29,0.3164511620998382,
,transform_padding,44,0.0204615251790649,Adam,5,4,2,7,29,0.5598458051681519,
,transform_padding,63,0.0200396252059991,SGD,4,4,2,7,25,0.1671187281608581,
,transform_padding,70,0.0570340183176142,SGD,4,4,2,7,15,0.1518163383007049,
,transform_padding,72,0.0434539853470065,SGD,4,4,2,7,21,0.1565518677234649,
,transform_padding,83,0.0595063864202601,SGD,4,4,2,7,28,0.1611966490745544,
,transform_padding,59,0.0927640873961074,SGD,5,4,2,7,28,0.1634186804294586,
,transform_padding,94,0.011701000316018,RMSprop,4,2,2,7,28,0.1585873812437057,
,transform_padding,83,0.0670456602572683,SGD,4,4,6,7,18,0.3201897442340851,
,transform_padding,73,0.0253207541390365,Adam,5,4,2,7,29,0.5533422231674194,
,transform_padding,92,0.0533959219550302,SGD,3,2,2,3,18,0.1831421703100204,
,transform_padding,82,0.0114104903793695,RMSprop,4,4,4,7,15,0.2720630764961242,
,transform_padding,69,0.0234652600499643,SGD,4,4,2,7,20,0.1564202904701233,
,transform_padding,38,0.063512210106407,Adam,5,4,2,7,3,0.556943416595459,
,transform_padding,97,0.0171233759731639,SGD,5,4,2,7,29,0.2304993271827697,
,transform_padding,78,0.0572790447079962,SGD,4,4,2,7,16,0.2180579751729965,
,transform_padding,8,0.0886232650857624,Adam,3,2,4,3,1,0.5543075799942017,
,transform_padding,33,0.0082875223637681,RMSprop,5,4,2,7,29,0.5339877605438232,
,transform_padding,32,0.0010821382910613,Adam,3,6,6,7,20,0.2910229563713074,
,transform_padding,54,0.016973078532467,Adam,5,2,2,5,29,0.2271079272031784,
,transform_padding,52,0.0064874770660586,RMSprop,4,6,2,3,29,0.2445217072963714,
,transform_padding,49,0.0876197110102369,SGD,4,4,4,7,29,0.3078311681747436,
,transform_padding,94,2.0708485661206484e-05,SGD,4,4,4,5,1,0.450526088476181,
,transform_padding,75,0.0164214949363695,Adam,4,2,2,5,28,0.2153874635696411,
,transform_padding,77,0.0030070162326071,SGD,4,2,2,5,29,0.2520958185195923,
,transform_padding,74,0.0295639882241421,Adam,4,2,2,5,29,0.2153621613979339,
,transform_padding,70,0.0219502708390054,Adam,4,2,2,5,24,0.2104081362485885,
,transform_padding,69,0.0015282726063969,Adam,4,2,6,5,5,0.4895372986793518,
,transform_padding,64,0.0003466343621561,Adam,4,2,2,5,28,0.2242820709943771,
,transform_padding,86,0.0361230282334905,Adam,3,2,2,5,25,0.2216053903102874,
,transform_padding,4,0.0040147452868768,Adam,4,6,6,3,0,0.5573055744171143,
,transform_padding,64,0.0303747005141166,Adam,4,2,4,5,24,0.3079373836517334,
,transform_padding,87,0.0094691321485027,RMSprop,3,2,2,5,29,0.1987032145261764,
,transform_padding,87,0.0111331391195918,RMSprop,3,2,2,5,18,0.2270514070987701,
,transform_padding,86,0.0289063935004765,RMSprop,3,2,2,5,26,0.2202639877796173,
,transform_padding,68,0.0069273319333244,RMSprop,3,2,2,5,22,0.2251574248075485,
,transform_padding,100,0.0299279909219138,RMSprop,3,2,2,5,29,0.2159237563610077,
,transform_padding,90,0.004611808393417,Adam,4,6,2,5,29,0.2364278882741928,
,transform_padding,80,0.0107581463636075,RMSprop,3,2,2,3,11,0.2420394718647003,
,transform_padding,59,0.0993513810194266,Adam,4,2,4,5,26,0.336593747138977,
,transform_padding,72,0.0422729799112377,Adam,3,2,2,5,28,0.1861401200294494,
,transform_padding,39,0.0476884538080522,RMSprop,3,6,6,5,14,0.3540334105491638,
,transform_padding,83,0.0510749022965546,Adam,3,2,2,3,28,0.2690148949623108,
,transform_padding,72,0.0216011530575131,Adam,3,2,2,5,29,0.2360982894897461,
,transform_padding,62,0.0551943466163214,Adam,5,2,2,5,5,0.5571898818016052,
,transform_padding,43,0.0169122610820494,Adam,3,2,2,5,25,0.2244748771190643,
,transform_padding,72,0.0311057364547167,Adam,5,2,2,5,29,0.5558878183364868,
,transform_padding,78,0.0129077609548624,Adam,4,2,2,5,20,0.2104887217283249,
,transform_padding,95,0.0145712121907758,SGD,3,4,2,7,29,0.2465766370296478,
,transform_padding,79,0.0103836836643125,RMSprop,5,2,6,5,5,0.4589917659759521,
,transform_padding,20,0.0646905918587342,Adam,3,2,2,7,29,0.2331454455852508,
,transform_padding,92,0.0077477981071378,Adam,4,4,2,5,29,0.209364578127861,
,transform_padding,92,0.0064484106832399,RMSprop,4,4,4,3,0,0.5573055744171143,
,transform_padding,100,0.0166418668743275,Adam,4,4,2,5,27,0.1927642077207565,
,transform_padding,38,0.063512210106407,Adam,5,4,2,7,0,0.5558514595031738,
,transform_padding,97,0.0171233759731639,SGD,5,4,2,7,28,0.167527362704277,
,transform_padding,78,0.0572790447079962,SGD,4,4,2,7,4,0.1466608941555023,
,transform_padding,8,0.0886232650857624,Adam,3,2,4,3,29,0.3134312033653259,
,transform_padding,33,0.0082875223637681,RMSprop,5,4,2,7,29,0.5391896963119507,
,transform_padding,32,0.0010821382910613,Adam,3,6,6,7,23,0.2547374367713928,
,transform_padding,54,0.016973078532467,Adam,5,2,2,5,26,0.191560685634613,
,transform_padding,52,0.0064874770660586,RMSprop,4,6,2,3,28,0.1914334893226623,
,transform_padding,49,0.0876197110102369,SGD,4,4,4,7,26,0.2697480320930481,
,transform_padding,94,2.0708485661206484e-05,SGD,4,4,4,5,22,0.4393942058086395,
,transform_padding,99,0.0136939864723756,SGD,4,4,2,7,29,0.1727686375379562,
,transform_padding,78,0.0265725808597423,SGD,5,4,2,7,25,0.1711430847644806,
,transform_padding,80,0.0029780054829285,SGD,4,4,2,7,27,0.1919230222702026,
,transform_padding,80,0.0284674128349914,SGD,3,4,2,3,0,0.2154775857925415,
,transform_padding,69,0.0348965946571749,SGD,5,6,6,5,14,0.3798531889915466,
,transform_padding,90,0.0038455845848535,SGD,4,4,2,7,26,0.1874982118606567,
,transform_padding,67,0.0852598623416662,SGD,4,4,2,7,29,0.154960498213768,
,transform_padding,71,0.0829060069982468,SGD,4,2,6,3,0,0.5559791922569275,
,transform_padding,63,0.0413732923998244,RMSprop,4,6,4,5,1,0.5559245944023132,
,transform_padding,4,0.0976199944613017,SGD,4,4,2,7,29,0.157317966222763,
,transform_padding,9,0.0953050032891418,SGD,4,4,2,7,25,0.1428914368152618,
,transform_padding,17,0.0375807859202232,SGD,4,4,2,7,29,0.1680680215358734,
,transform_padding,22,0.0399801470016597,SGD,4,4,2,7,28,0.1549496054649353,
,transform_padding,18,0.0143398823866202,SGD,4,4,2,7,23,0.1565520614385604,
,transform_padding,20,0.0421223999048777,SGD,4,4,2,7,28,0.1592302769422531,
,transform_padding,11,0.0470467574527268,SGD,3,4,2,7,5,0.1986395716667175,
,transform_padding,26,0.007480878107179,Adam,4,2,4,3,17,0.3252832293510437,
,transform_padding,39,0.0259916896316514,RMSprop,4,4,2,5,3,0.5555282831192017,
,transform_padding,44,0.0476884538080522,SGD,4,6,6,7,19,0.2997382283210754,
,transform_padding,1,0.0621325091486652,Adam,3,4,2,7,28,0.1831790059804916,
,transform_padding,61,0.0867178811602089,SGD,4,4,2,7,27,0.1541580557823181,
,transform_padding,62,0.0522744527197449,SGD,4,4,2,7,28,0.1387735903263092,
,transform_padding,61,0.0199554979294168,SGD,4,4,2,7,27,0.1678685396909713,
,transform_padding,74,0.0578632447775048,SGD,4,4,2,7,26,0.1450512111186981,
,transform_padding,90,0.0125008101051157,SGD,4,2,2,7,26,0.161939650774002,
,transform_padding,75,0.0218119847684016,RMSprop,4,4,6,7,24,0.3440098762512207,
,transform_padding,85,0.063430089444058,Adam,5,4,2,7,1,0.5554577708244324,
,transform_padding,57,0.0646905918587342,SGD,3,4,2,7,18,0.1926848590373993,
,transform_padding,74,0.0217230946382829,RMSprop,4,2,4,3,13,0.3017699122428894,
,transform_padding,85,0.0115143093394678,SGD,5,6,2,7,28,0.1884224116802215,
,transform_padding,63,0.0624400856407961,SGD,4,4,2,7,28,0.1561709493398666,
,transform_padding,38,0.063512210106407,Adam,5,4,2,7,0,0.5555419921875,
,transform_padding,97,0.0171233759731639,SGD,5,4,2,7,29,0.2102130502462387,
,transform_padding,78,0.0572790447079962,SGD,4,4,2,7,29,0.1883071660995483,
,transform_padding,8,0.0886232650857624,Adam,3,2,4,3,22,0.3382261991500854,
,transform_padding,33,0.0082875223637681,RMSprop,5,4,2,7,24,0.5321387648582458,
,transform_padding,32,0.0010821382910613,Adam,3,6,6,7,24,0.2629110813140869,
,transform_padding,54,0.016973078532467,Adam,5,2,2,5,29,0.4968111515045166,
,transform_padding,52,0.0064874770660586,RMSprop,4,6,2,3,27,0.2313773930072784,
,transform_padding,49,0.0876197110102369,SGD,4,4,4,7,10,0.2431662529706955,
,transform_padding,94,2.0708485661206484e-05,SGD,4,4,4,5,6,0.4498902559280395,
,transform_padding,99,0.0136939864723756,SGD,4,4,2,7,29,0.2134114801883697,
,transform_padding,78,0.0265725808597423,SGD,5,4,2,7,29,0.1961345076560974,
,transform_padding,77,0.0024921326192789,SGD,4,4,2,7,24,0.242347165942192,
,transform_padding,70,0.0359286105947178,SGD,3,4,2,3,15,0.2222151607275009,
,transform_padding,77,0.0334995592571087,SGD,5,6,6,5,5,0.3678624033927917,
,transform_padding,69,0.0038917667817391,SGD,4,4,2,7,29,0.2376537919044494,
,transform_padding,83,0.0397914693153084,SGD,5,4,2,7,29,0.189235970377922,
,transform_padding,87,0.0862574134835177,SGD,4,2,6,3,0,0.5563125014305115,
,transform_padding,64,0.0303747005141166,RMSprop,3,6,4,5,25,0.2870012521743774,
,transform_padding,87,0.0085018773356281,SGD,5,4,2,7,29,0.2447097152471542,
,transform_padding,85,0.0371752163836278,SGD,5,4,2,7,25,0.1926851123571396,
,transform_padding,86,0.0387521432402632,SGD,5,4,2,7,29,0.1936443299055099,
,transform_padding,63,0.0965831882686831,SGD,5,4,2,7,29,0.1968468725681305,
,transform_padding,83,0.0142538300190755,SGD,5,4,2,7,29,0.2110028117895126,
,transform_padding,93,0.0421223999048777,SGD,4,4,2,7,28,0.1934112608432769,
,transform_padding,6,0.0525415769243511,SGD,5,4,2,7,29,0.186147540807724,
,transform_padding,3,0.054058357949202,Adam,3,2,4,3,25,0.2859165668487549,
,transform_padding,18,0.0196705129257226,RMSprop,5,4,2,5,1,0.5562119483947754,
,transform_padding,22,0.0496759244689995,SGD,4,6,6,7,22,0.326648473739624,
,transform_padding,47,0.0541273900101546,Adam,5,4,2,7,8,0.5551836490631104,
,transform_padding,71,0.0258767209270441,SGD,5,4,2,7,28,0.2000364661216735,
,transform_padding,59,0.0660204411759646,SGD,5,4,2,7,27,0.1980226337909698,
,transform_padding,44,0.0198108399624905,SGD,5,4,2,7,28,0.1948232501745224,
,transform_padding,91,0.0114752376011156,SGD,5,4,2,7,29,0.2132723033428192,
,transform_padding,82,0.0929985540011619,SGD,5,2,2,7,27,0.1778225749731063,
,transform_padding,39,0.063430089444058,Adam,5,2,2,7,9,0.5552343130111694,
,transform_padding,11,0.0088818047671209,SGD,3,2,2,7,29,0.2240012139081955,
,transform_padding,80,0.0178922095466885,RMSprop,5,2,4,3,0,0.5563125014305115,
,transform_padding,60,0.0655793923460549,SGD,4,2,2,7,23,0.1885738968849182,
,transform_padding,73,0.0539888041339769,SGD,4,2,2,7,27,0.1907434463500976,
,transform_padding,38,0.063512210106407,Adam,5,4,2,7,0,0.5494133830070496,
,transform_padding,97,0.0171233759731639,SGD,5,4,2,7,29,0.2003033608198166,
,transform_padding,78,0.0572790447079962,SGD,4,4,2,7,27,0.2012215107679367,
,transform_padding,8,0.0886232650857624,Adam,3,2,4,3,14,0.4828658103942871,
,transform_padding,33,0.0082875223637681,RMSprop,5,4,2,7,29,0.3112772703170776,
,transform_padding,32,0.0010821382910613,Adam,3,6,6,7,7,0.2955580651760101,
,transform_padding,54,0.016973078532467,Adam,5,2,2,5,27,0.2170866429805755,
,transform_padding,52,0.0064874770660586,RMSprop,4,6,2,3,27,0.2625755071640014,
,transform_padding,49,0.0876197110102369,SGD,4,4,4,7,25,0.2920116782188415,
,transform_padding,98,1.056790089450164e-05,SGD,5,4,4,5,29,0.4574598968029022,
,transform_padding,96,0.0136939864723756,SGD,4,4,2,7,26,0.1924787759780883,
,transform_padding,100,0.0030070162326071,SGD,4,4,2,7,23,0.2097606658935547,
,transform_padding,80,0.0177087471496823,SGD,4,4,2,7,23,0.1996506154537201,
,transform_padding,80,0.0021757900681559,SGD,4,4,2,3,29,0.2300065457820892,
,transform_padding,79,0.0284487872497699,SGD,4,6,6,5,4,0.4402987658977508,
,transform_padding,69,0.0074302901737792,SGD,4,4,2,7,12,0.2151626050472259,
,transform_padding,87,0.0252017476122451,SGD,4,4,2,7,27,0.1971535980701446,
,transform_padding,88,0.0296978380418774,SGD,3,2,6,3,3,0.5651359558105469,
,transform_padding,67,0.0003568562638429,RMSprop,4,6,4,5,19,0.2632911205291748,
,transform_padding,89,0.0035753936718103,SGD,4,4,2,7,29,0.2311702221632003,
,transform_padding,68,0.018837677274494,SGD,4,4,2,7,29,0.220377504825592,
,transform_padding,89,0.0426136158339337,SGD,4,4,2,7,29,0.2119463384151458,
,transform_padding,83,0.0142685276059081,SGD,4,4,2,7,29,0.2113931626081466,
,transform_padding,72,0.0299279909219138,SGD,4,4,2,7,28,0.197380244731903,
,transform_padding,61,0.040842422181121,SGD,3,4,2,7,28,0.2256745994091034,
,transform_padding,73,0.0906203741881928,SGD,4,4,2,7,16,0.2032816857099533,
,transform_padding,91,0.034223425393905,Adam,4,6,4,3,2,0.4474102258682251,
,transform_padding,3,0.0091212447895784,RMSprop,4,2,2,5,27,0.1866116821765899,
,transform_padding,3,0.0074532175453722,RMSprop,3,2,6,5,16,0.372985690832138,
,transform_padding,18,0.0111776217190803,RMSprop,4,2,2,5,29,0.1971045434474945,
,transform_padding,15,0.0108994961382751,RMSprop,4,2,2,5,21,0.17547407746315,
,transform_padding,17,0.0107113762040636,RMSprop,4,2,2,5,27,0.1833900213241577,
,transform_padding,17,0.0046981603539525,RMSprop,4,2,2,5,22,0.1880686283111572,
,transform_padding,19,0.0048102194854754,RMSprop,4,2,2,5,22,0.2059943675994873,
,transform_padding,17,0.0039093467411791,RMSprop,5,2,2,5,23,0.1998224258422851,
,transform_padding,10,0.0111208573329142,RMSprop,4,2,2,5,28,0.1889238059520721,
,transform_padding,27,0.0023165990273788,RMSprop,4,2,6,5,0,0.4300463199615478,
,transform_padding,1,0.0052945805177041,RMSprop,5,2,2,5,29,0.1996376514434814,
,transform_padding,11,0.0083649759558739,RMSprop,3,2,2,5,22,0.2172573506832122,
,transform_padding,44,0.0014496961471461,RMSprop,4,2,4,5,20,0.2762420773506164,
,transform_padding,10,0.0105204796987685,RMSprop,4,2,2,5,29,0.2186622321605682,
,transform_padding,38,0.063512210106407,Adam,5,4,2,7,3,0.5472457408905029,
,transform_padding,97,0.0171233759731639,SGD,5,4,2,7,29,0.1627589911222458,
,transform_padding,78,0.0572790447079962,SGD,4,4,2,7,28,0.1362634003162384,
,transform_padding,8,0.0886232650857624,Adam,3,2,4,3,28,0.3612213134765625,
,transform_padding,33,0.0082875223637681,RMSprop,5,4,2,7,28,0.4439476728439331,
,transform_padding,32,0.0010821382910613,Adam,3,6,6,7,17,0.2252800464630127,
,transform_padding,54,0.016973078532467,Adam,5,2,2,5,29,0.2157220840454101,
,transform_padding,52,0.0064874770660586,RMSprop,4,6,2,3,28,0.2370721697807312,
,transform_padding,49,0.0876197110102369,SGD,4,4,4,7,28,0.2584214210510254,
,transform_padding,94,2.0708485661206484e-05,SGD,4,4,4,5,6,0.4451695680618286,
,transform_padding,99,0.0136939864723756,SGD,4,4,2,7,28,0.1746372878551483,
,transform_padding,78,0.0265725808597423,SGD,5,4,2,7,29,0.1599105298519134,
,transform_padding,77,0.0024921326192789,SGD,4,4,2,7,28,0.2400103658437729,
,transform_padding,70,0.0359286105947178,SGD,3,4,2,3,22,0.2346987724304199,
,transform_padding,77,0.0334995592571087,SGD,5,6,6,5,3,0.4386690855026245,
,transform_padding,69,0.0038917667817391,SGD,4,4,2,7,29,0.2199703454971313,
,transform_padding,83,0.0397914693153084,SGD,5,4,2,7,29,0.1515553593635559,
,transform_padding,87,0.0862574134835177,SGD,4,2,6,3,0,0.5490555763244629,
,transform_padding,64,0.0303747005141166,RMSprop,3,6,4,5,29,0.2522238194942474,
,transform_padding,87,0.0085018773356281,SGD,5,4,2,7,28,0.2188321053981781,
,transform_padding,85,0.0371752163836278,SGD,5,4,2,7,29,0.1554008871316909,
,transform_padding,86,0.0387521432402632,SGD,5,4,2,7,29,0.1613276898860931,
,transform_padding,63,0.0965831882686831,SGD,5,4,2,7,28,0.1515929400920868,
,transform_padding,61,0.0871147839164093,SGD,5,4,2,7,29,0.1436442285776138,
,transform_padding,62,0.049624259553013,SGD,4,4,2,7,28,0.1417921483516693,
,transform_padding,42,0.0157725035020779,SGD,4,4,2,7,28,0.1664732098579406,
,transform_padding,62,0.0586081942470968,Adam,4,2,4,3,29,0.3398635983467102,
,transform_padding,22,0.0994612645045744,RMSprop,4,4,2,5,4,0.5489501953125,
,transform_padding,59,0.0476884538080522,SGD,4,6,6,7,1,0.3859166800975799,
,transform_padding,71,0.0205843257912226,Adam,4,4,2,7,26,0.1579638421535492,
,transform_padding,44,0.051993326025755,SGD,5,4,2,7,29,0.1351952254772186,
,transform_padding,43,0.0510001884754322,SGD,5,4,2,7,29,0.1407304108142852,
,transform_padding,41,0.0119138412126626,SGD,5,4,2,7,29,0.1922757923603058,
,transform_padding,20,0.0577646256445469,SGD,3,4,2,7,21,0.1780879199504852,
,transform_padding,33,0.0239123802254865,SGD,5,2,2,7,27,0.17875537276268,
,transform_padding,44,0.0481856236523397,RMSprop,4,4,6,7,0,0.545159637928009,
,transform_padding,48,0.0206115779572257,Adam,5,4,2,7,6,0.5486153960227966,
,transform_padding,27,0.0088198544418886,SGD,3,4,2,7,24,0.2016963809728622,
,transform_padding,56,0.0601976909315032,RMSprop,5,2,4,3,0,0.5490555763244629,
,transform_padding,8,0.0130745877977832,SGD,4,6,2,7,27,0.1707911938428878,
,transform_padding,50,0.0693959962834044,SGD,5,4,2,7,29,0.1517024636268615,
,transform_padding,38,0.063512210106407,Adam,5,4,2,7,2,0.5517293810844421,
,transform_padding,97,0.0171233759731639,SGD,5,4,2,7,29,0.1632992625236511,
,transform_padding,78,0.0572790447079962,SGD,4,4,2,7,29,0.1370463371276855,
,transform_padding,8,0.0886232650857624,Adam,3,2,4,3,28,0.3295479714870453,
,transform_padding,33,0.0082875223637681,RMSprop,5,4,2,7,29,0.5515100955963135,
,transform_padding,32,0.0010821382910613,Adam,3,6,6,7,7,0.2359228134155273,
,transform_padding,54,0.016973078532467,Adam,5,2,2,5,29,0.3876095414161682,
,transform_padding,52,0.0064874770660586,RMSprop,4,6,2,3,29,0.1802357137203216,
,transform_padding,49,0.0876197110102369,SGD,4,4,4,7,24,0.2163055837154388,
,transform_padding,94,2.0708485661206484e-05,SGD,4,4,4,5,25,0.4410960078239441,
,transform_padding,99,0.0136939864723756,SGD,4,4,2,7,5,0.1584495604038238,
,transform_padding,76,0.0030070162326071,SGD,4,4,2,7,27,0.173579916357994,
,transform_padding,78,0.0295639882241421,SGD,4,4,2,7,23,0.1379298269748687,
,transform_padding,70,0.0359286105947178,SGD,4,4,2,3,29,0.1935063302516937,
,transform_padding,79,0.0336400390325894,SGD,4,6,6,5,29,0.3739315867424011,
,transform_padding,84,0.0910492703880982,SGD,4,4,2,7,19,0.1406986862421035,
,transform_padding,65,0.0030937883175084,SGD,3,4,2,7,11,0.1660027056932449,
,transform_padding,87,0.0220948602557684,SGD,4,2,6,3,0,0.5521458387374878,
,transform_padding,65,0.0383669409577612,RMSprop,4,6,4,5,28,0.5309275388717651,
,transform_padding,4,0.0074707135172388,SGD,3,4,2,7,1,0.1733841150999069,
,transform_padding,85,0.089540268921282,SGD,4,4,2,7,24,0.1537133157253265,
,transform_padding,86,0.0455835769687801,SGD,4,4,2,7,28,0.1568829417228698,
,transform_padding,73,0.0965831882686831,SGD,4,4,2,7,27,0.1412551254034042,
,transform_padding,61,0.0299279909219138,SGD,4,4,2,7,26,0.1468643993139267,
,transform_padding,90,0.0421223999048777,SGD,4,4,2,7,29,0.1485605537891388,
,transform_padding,80,0.0181997891148237,SGD,4,4,2,7,25,0.1575328856706619,
,transform_padding,70,0.0586081942470968,Adam,4,6,4,3,3,0.4095772206783294,
,transform_padding,18,0.0994612645045744,RMSprop,4,2,2,5,9,0.5520030856132507,
,transform_padding,45,0.0476884538080522,SGD,3,4,6,7,13,0.225064218044281,
,transform_padding,83,0.0530700358724034,Adam,5,4,2,7,6,0.5518827438354492,
,transform_padding,76,0.0867178811602089,SGD,4,4,2,7,28,0.1431094110012054,
,transform_padding,72,0.0262384433697798,SGD,4,4,2,7,26,0.1418724805116653,
,transform_padding,60,0.0690297720911127,SGD,4,4,2,7,28,0.1390320807695388,
,transform_padding,63,0.0125930194536135,SGD,4,4,2,7,23,0.163760706782341,
,transform_padding,58,0.0239123802254865,SGD,5,2,2,7,28,0.1695952415466308,
,transform_padding,92,0.0485393702424029,RMSprop,4,4,6,7,29,0.4773420691490173,
,transform_padding,58,0.0625312353934892,Adam,5,4,2,7,2,0.5515888929367065,
,transform_padding,99,0.0124761870358665,SGD,3,4,2,7,25,0.1674501597881317,
,transform_padding,40,0.0238045879619672,RMSprop,4,2,4,3,16,0.3192846775054931,
,transform_padding,68,0.0655793923460549,SGD,5,6,2,7,29,0.1431594938039779,
,transform_padding,76,0.0631680525915145,SGD,4,4,2,7,29,0.1436647176742553,
,transform_padding,38,0.063512210106407,Adam,5,4,2,7,0,0.5523773431777954,
,transform_padding,97,0.0171233759731639,SGD,5,4,2,7,29,0.1993100047111511,
,transform_padding,78,0.0572790447079962,SGD,4,4,2,7,28,0.1803797483444214,
,transform_padding,8,0.0886232650857624,Adam,3,2,4,3,20,0.3427817225456238,
,transform_padding,33,0.0082875223637681,RMSprop,5,4,2,7,14,0.5523001551628113,
,transform_padding,32,0.0010821382910613,Adam,3,6,6,7,18,0.2871900200843811,
,transform_padding,54,0.016973078532467,Adam,5,2,2,5,26,0.2584517300128937,
,transform_padding,52,0.0064874770660586,RMSprop,4,6,2,3,28,0.2043198943138122,
,transform_padding,49,0.0876197110102369,SGD,4,4,4,7,26,0.2458135187625885,
,transform_padding,94,2.0708485661206484e-05,SGD,4,4,4,5,2,0.4309762418270111,
,transform_padding,99,0.0136939864723756,SGD,4,4,2,7,27,0.2100118845701217,
,transform_padding,78,0.0265725808597423,SGD,5,4,2,7,24,0.1911195218563079,
,transform_padding,77,0.0024921326192789,SGD,4,4,2,7,15,0.196935623884201,
,transform_padding,70,0.0359286105947178,SGD,3,4,2,3,4,0.1925037801265716,
,transform_padding,77,0.0334995592571087,SGD,5,6,6,5,3,0.4354581534862518,
,transform_padding,69,0.0038917667817391,SGD,4,4,2,7,10,0.2136163413524627,
,transform_padding,83,0.0397914693153084,SGD,5,4,2,7,25,0.1926410794258117,
,transform_padding,87,0.0220948602557684,SGD,4,2,6,3,0,0.5526806116104126,
,transform_padding,65,0.0922146550230623,RMSprop,3,6,4,5,29,0.4106127619743347,
,transform_padding,4,0.0085018773356281,SGD,4,4,2,7,27,0.2028614729642868,
,transform_padding,67,0.0371752163836278,SGD,3,4,2,3,3,0.2104212939739227,
,transform_padding,77,0.033227585535548,SGD,3,4,2,3,22,0.2054537236690521,
,transform_padding,62,0.0492652903508432,SGD,3,4,2,3,18,0.2140139192342758,
,transform_padding,88,0.0177023365968706,SGD,3,4,2,3,19,0.205704778432846,
,transform_padding,73,0.049624259553013,SGD,5,4,2,3,29,0.1832164824008941,
,transform_padding,82,0.0927574010142652,SGD,5,4,2,7,29,0.1642733216285705,
,transform_padding,90,0.0993513810194266,Adam,5,2,4,3,0,0.5526806116104126,
,transform_padding,83,0.059898714898261,RMSprop,5,4,2,5,0,0.5526435375213623,
,transform_padding,59,0.0569706431961893,SGD,5,6,6,7,15,0.3249165415763855,
,transform_padding,39,0.0115986301730236,Adam,5,4,2,7,29,0.5341994166374207,
,transform_padding,75,0.0221360232638043,SGD,5,4,2,7,25,0.2009867280721664,
,transform_padding,82,0.0608582142249889,SGD,5,4,2,7,27,0.1703193187713623,
,transform_padding,93,0.0690297720911127,SGD,5,4,2,7,17,0.1870501339435577,
,transform_padding,82,0.0578632447775048,SGD,5,4,2,7,26,0.1835774034261703,
,transform_padding,72,0.0491538538063762,SGD,5,2,2,7,29,0.1850985735654831,
,transform_padding,58,0.0985703723390422,RMSprop,5,4,6,7,1,0.5518677234649658,
,transform_padding,100,0.0243334791122277,Adam,5,4,2,7,1,0.5454038977622986,
,transform_padding,20,0.0126086868153065,SGD,5,4,2,3,17,0.2026301026344299,
,transform_padding,43,0.0063714806828933,RMSprop,4,2,4,7,28,0.2777539491653442,
,transform_padding,85,0.0655793923460549,SGD,5,6,2,7,25,0.1636353433132171,
,transform_padding,86,0.063441266171764,SGD,5,6,2,7,29,0.1804511994123459,
,transform_padding,38,0.063512210106407,Adam,5,4,2,7,1,0.5746183395385742,
,transform_padding,97,0.0171233759731639,SGD,5,4,2,7,27,0.2201204746961593,
,transform_padding,78,0.0572790447079962,SGD,4,4,2,7,24,0.1847180128097534,
,transform_padding,8,0.0886232650857624,Adam,3,2,4,3,19,0.2992256879806518,
,transform_padding,33,0.0082875223637681,RMSprop,5,4,2,7,5,0.5739805102348328,
,transform_padding,32,0.0010821382910613,Adam,3,6,6,7,15,0.2626941800117492,
,transform_padding,54,0.016973078532467,Adam,5,2,2,5,29,0.2212913930416107,
,transform_padding,52,0.0064874770660586,RMSprop,4,6,2,3,27,0.205984354019165,
,transform_padding,49,0.0876197110102369,SGD,4,4,4,7,18,0.2534404397010803,
,transform_padding,94,2.0708485661206484e-05,SGD,4,4,4,5,19,0.4664327800273895,
,transform_padding,76,0.003558953244799,RMSprop,4,6,2,3,29,0.199184775352478,
,transform_padding,77,0.0014698251207077,RMSprop,4,6,2,3,29,0.2359049618244171,
,transform_padding,74,0.0027308349581482,SGD,4,6,2,3,7,0.2152105569839477,
,transform_padding,72,0.0003181741785121,SGD,4,6,2,3,29,0.2431658506393432,
,transform_padding,86,0.0348965946571749,RMSprop,4,6,6,5,3,0.5737752318382263,
,transform_padding,69,0.0047049975735521,SGD,4,4,2,3,6,0.2168298959732055,
,transform_padding,65,0.021387627574032,RMSprop,3,4,2,7,29,0.1891748160123825,
,transform_padding,2,0.0220948602557684,RMSprop,3,4,6,7,25,0.2355842888355255,
,transform_padding,62,0.0383669409577612,SGD,3,4,4,7,23,0.2065937519073486,
,transform_padding,84,0.0111620905209283,SGD,3,4,2,7,29,0.1992096006870269,
,transform_padding,63,0.0285468410185839,RMSprop,3,4,2,7,29,0.2033716887235641,
,transform_padding,86,0.0030472038117897,RMSprop,4,6,2,3,29,0.194138765335083,
,transform_padding,83,0.0128773918221975,RMSprop,4,2,2,5,29,0.1869209855794906,
,transform_padding,100,0.0109448443013663,RMSprop,3,2,2,5,29,0.1922261118888855,
,transform_padding,63,0.049624259553013,RMSprop,4,2,2,5,1,0.5747151374816895,
,transform_padding,88,0.0268279607420028,RMSprop,3,2,2,5,17,0.211740106344223,
,transform_padding,78,0.0993513810194266,Adam,4,2,4,5,17,0.3417252004146576,
,transform_padding,67,0.0461242035950673,RMSprop,4,4,2,7,11,0.574643075466156,
,transform_padding,39,0.0476884538080522,SGD,3,4,6,7,14,0.2540381848812103,
,transform_padding,94,0.0148023332654211,Adam,5,2,2,5,29,0.2096859663724899,
,transform_padding,98,0.0088248216519024,RMSprop,3,2,2,5,24,0.189337819814682,
,transform_padding,81,0.0076421135386857,RMSprop,3,2,2,5,19,0.1934279650449752,
,transform_padding,92,0.0198108399624905,RMSprop,3,2,2,5,21,0.2018443793058395,
,transform_padding,100,0.0578632447775048,RMSprop,3,2,2,7,29,0.2201093137264251,
,transform_padding,91,0.0142016204187856,RMSprop,5,2,2,5,6,0.5744683146476746,
,transform_padding,58,0.0067368994240564,RMSprop,3,4,6,7,4,0.2531192302703857,
,transform_padding,46,0.0247081530755573,Adam,5,2,2,7,27,0.5507669448852539,
,transform_padding,20,0.0646905918587342,SGD,3,4,2,5,3,0.2142271250486374,
,transform_padding,81,0.0132465935337047,RMSprop,4,2,4,7,27,0.2572560608386993,
,transform_padding,69,0.0323929967320292,Adam,5,4,2,5,0,0.5740828514099121,
,transform_padding,100,0.0090766724269882,RMSprop,3,2,2,5,24,0.2141455858945846,
,transform_padding,38,0.063512210106407,Adam,5,4,2,7,0,0.5566543340682983,
,transform_padding,97,0.0171233759731639,SGD,5,4,2,7,26,0.1839530766010284,
,transform_padding,78,0.0572790447079962,SGD,4,4,2,7,29,0.1739232540130615,
,transform_padding,8,0.0886232650857624,Adam,3,2,4,3,17,0.5538567304611206,
,transform_padding,33,0.0082875223637681,RMSprop,5,4,2,7,26,0.4495342671871185,
,transform_padding,32,0.0010821382910613,Adam,3,6,6,7,28,0.2338234633207321,
,transform_padding,54,0.016973078532467,Adam,5,2,2,5,27,0.2204792946577072,
,transform_padding,52,0.0064874770660586,RMSprop,4,6,2,3,27,0.2462772130966186,
,transform_padding,49,0.0876197110102369,SGD,4,4,4,7,24,0.2819025218486786,
,transform_padding,94,2.0708485661206484e-05,SGD,4,4,4,5,0,0.4413924813270569,
,transform_padding,99,0.0136939864723756,SGD,4,4,2,7,28,0.1869690120220184,
,transform_padding,78,0.0265725808597423,SGD,5,4,2,7,29,0.1603272855281829,
,transform_padding,77,0.0024921326192789,SGD,4,4,2,7,26,0.1945399045944214,
,transform_padding,70,0.0359286105947178,SGD,3,4,2,3,2,0.2379440069198608,
,transform_padding,77,0.0334995592571087,SGD,5,6,6,5,9,0.4397798478603363,
,transform_padding,69,0.0038917667817391,SGD,4,4,2,7,24,0.1930312216281891,
,transform_padding,83,0.0397914693153084,SGD,5,4,2,7,29,0.1760952919721603,
,transform_padding,87,0.0220948602557684,SGD,4,2,6,3,0,0.5571774244308472,
,transform_padding,65,0.0922146550230623,RMSprop,3,6,4,5,25,0.5460819602012634,
,transform_padding,4,0.0085018773356281,SGD,4,4,2,7,27,0.1743573546409607,
,transform_padding,9,0.0087447135052354,SGD,4,4,2,7,27,0.1856966614723205,
,transform_padding,22,0.0328913287702217,SGD,4,4,2,7,29,0.1791052222251892,
,transform_padding,22,0.0153079789131822,SGD,4,4,2,7,24,0.18800950050354,
,transform_padding,61,0.0033068684899203,SGD,4,4,2,7,28,0.1924354434013366,
,transform_padding,1,0.049624259553013,SGD,5,4,2,7,22,0.1604908406734466,
,transform_padding,83,0.0525415769243511,SGD,5,4,2,7,26,0.1709336340427398,
,transform_padding,89,0.0993513810194266,Adam,5,6,4,3,0,0.5562560558319092,
,transform_padding,18,0.0331226459236068,RMSprop,5,2,2,5,29,0.5561344027519226,
,transform_padding,39,0.0496759244689995,SGD,5,4,6,7,2,0.3538037538528442,
,transform_padding,38,0.0541273900101546,Adam,5,4,2,7,29,0.4510142505168915,
,transform_padding,78,0.0559915723495447,SGD,5,4,2,7,22,0.1708539426326751,
,transform_padding,83,0.0258528726788247,SGD,5,4,2,7,13,0.1819094717502594,
,transform_padding,60,0.0480868815809809,SGD,5,4,2,7,29,0.1705266535282135,
,transform_padding,60,0.0191999365801948,SGD,5,4,2,7,25,0.1823326796293258,
,transform_padding,44,0.0615165784865434,SGD,5,4,2,7,29,0.1708599776029586,
,transform_padding,72,0.013936547959938,RMSprop,5,2,2,7,26,0.1679309606552124,
,transform_padding,62,0.0118756136187501,RMSprop,5,2,2,7,28,0.4507535099983215,
,transform_padding,56,0.0233027155890948,RMSprop,5,2,2,3,1,0.5571171045303345,
,transform_padding,72,0.0604597212490161,RMSprop,5,2,2,7,9,0.5555114150047302,
,transform_padding,38,0.063512210106407,Adam,5,4,2,7,3,0.5483801364898682,
,transform_padding,97,0.0171233759731639,SGD,5,4,2,7,29,0.1878038942813873,
,transform_padding,78,0.0572790447079962,SGD,4,4,2,7,28,0.1564608216285705,
,transform_padding,8,0.0886232650857624,Adam,3,2,4,3,22,0.3212301433086395,
,transform_padding,33,0.0082875223637681,RMSprop,5,4,2,7,28,0.5467973947525024,
,transform_padding,32,0.0010821382910613,Adam,3,6,6,7,26,0.2755187153816223,
,transform_padding,54,0.016973078532467,Adam,5,2,2,5,29,0.2416571974754333,
,transform_padding,52,0.0064874770660586,RMSprop,4,6,2,3,29,0.2532424330711365,
,transform_padding,49,0.0876197110102369,SGD,4,4,4,7,29,0.2673997581005096,
,transform_padding,94,2.0708485661206484e-05,SGD,4,4,4,5,5,0.4439758062362671,
,transform_padding,99,0.0136939864723756,SGD,4,4,2,7,25,0.1696105599403381,
,transform_padding,76,0.0030070162326071,SGD,4,4,2,7,29,0.2016707360744476,
,transform_padding,78,0.0295639882241421,SGD,4,4,2,7,27,0.1549806147813797,
,transform_padding,70,0.0359286105947178,SGD,4,4,2,3,26,0.2130066752433776,
,transform_padding,79,0.0336400390325894,SGD,4,6,6,5,3,0.4419182240962982,
,transform_padding,84,0.0910492703880982,SGD,4,4,2,7,29,0.1624149531126022,
,transform_padding,65,0.0030937883175084,SGD,3,4,2,7,25,0.2072161734104156,
,transform_padding,87,0.0220948602557684,SGD,4,2,6,3,0,0.5485624670982361,
,transform_padding,65,0.0383669409577612,RMSprop,4,6,4,5,20,0.5473572015762329,
,transform_padding,4,0.0074707135172388,SGD,3,4,2,7,25,0.1940736621618271,
,transform_padding,85,0.089540268921282,SGD,4,4,2,7,26,0.1599253267049789,
,transform_padding,89,0.0453762914505334,SGD,4,4,2,7,29,0.1684284657239914,
,transform_padding,73,0.0965831882686831,SGD,4,4,2,7,25,0.1611837446689605,
,transform_padding,61,0.0299279909219138,SGD,4,4,2,7,29,0.1541928946971893,
,transform_padding,62,0.0241840674205735,SGD,4,4,2,7,29,0.1547291874885559,
,transform_padding,61,0.0253543725917984,SGD,4,4,2,7,19,0.1567248851060867,
,transform_padding,58,0.0288105085371919,Adam,4,6,4,3,0,0.4333459138870239,
,transform_padding,45,0.010207473349725,RMSprop,3,2,2,5,24,0.1496142148971557,
,transform_padding,42,0.015392571358668,RMSprop,3,2,6,5,1,0.4224195480346679,
,transform_padding,25,0.0108828753120502,RMSprop,3,2,2,5,29,0.1947596967220306,
,transform_padding,44,0.0445788460945935,RMSprop,3,2,2,5,29,0.1958447396755218,
,transform_padding,68,0.0202951244539282,RMSprop,3,2,2,5,28,0.1546041369438171,
,transform_padding,66,0.0044941316305262,RMSprop,3,2,2,5,26,0.1679517477750778,
,transform_padding,46,0.0116248778030584,RMSprop,3,2,2,5,24,0.1658874303102493,
,transform_padding,57,0.0164144624456589,RMSprop,5,2,2,5,2,0.5482761263847351,
,transform_padding,35,0.0564048391524624,RMSprop,3,2,2,5,28,0.2115505039691925,
,transform_padding,23,0.0080500117891139,RMSprop,3,2,6,5,14,0.4476228356361389,
,transform_padding,40,0.0205667533436951,Adam,5,2,2,5,1,0.5472530722618103,
,transform_padding,69,0.060497262451688,RMSprop,3,2,2,3,29,0.5267044901847839,
,transform_padding,50,0.005420349113975,Adam,5,2,4,5,28,0.290554791688919,
,transform_padding,61,0.0230053304762068,SGD,3,4,2,7,14,0.18128502368927,
,transform_padding,38,0.063512210106407,Adam,5,4,2,7,2,0.5540708303451538,
,transform_padding,97,0.0171233759731639,SGD,5,4,2,7,29,0.2004334628582,
,transform_padding,78,0.0572790447079962,SGD,4,4,2,7,25,0.1944891214370727,
,transform_padding,8,0.0886232650857624,Adam,3,2,4,3,27,0.4973969459533691,
,transform_padding,33,0.0082875223637681,RMSprop,5,4,2,7,25,0.4968199729919433,
,transform_padding,32,0.0010821382910613,Adam,3,6,6,7,12,0.3143040835857391,
,transform_padding,54,0.016973078532467,Adam,5,2,2,5,29,0.2542738616466522,
,transform_padding,52,0.0064874770660586,RMSprop,4,6,2,3,24,0.2192671149969101,
,transform_padding,49,0.0876197110102369,SGD,4,4,4,7,23,0.342210590839386,
,transform_padding,94,2.0708485661206484e-05,SGD,4,4,4,5,19,0.4426591992378235,
,transform_padding,99,0.0136939864723756,SGD,4,4,2,7,17,0.2111145704984665,
,transform_padding,78,0.0265725808597423,SGD,5,4,2,7,28,0.2014538496732711,
,transform_padding,80,0.0029780054829285,SGD,4,4,2,7,29,0.2234824895858764,
,transform_padding,80,0.0284674128349914,SGD,3,4,2,3,21,0.2525111436843872,
,transform_padding,69,0.0348965946571749,SGD,5,6,6,5,0,0.4812981784343719,
,transform_padding,90,0.0038455845848535,SGD,4,4,2,7,29,0.2146511077880859,
,transform_padding,67,0.0852598623416662,SGD,4,4,2,7,19,0.2146017998456955,
,transform_padding,88,0.0143456245508017,SGD,5,2,6,3,0,0.5545694828033447,
,transform_padding,67,0.0371278980044358,RMSprop,3,6,4,5,26,0.3417504429817199,
,transform_padding,100,0.0022811287575472,SGD,5,4,2,7,29,0.2944509088993072,
,transform_padding,82,0.0321655214656685,SGD,5,4,2,7,27,0.2216899991035461,
,transform_padding,74,0.015711851953333,SGD,5,4,2,7,27,0.2019073814153671,
,transform_padding,90,0.041058856644552,SGD,5,4,2,7,28,0.2069594115018844,
,transform_padding,62,0.007030338685681,SGD,5,4,2,7,27,0.2241782993078231,
,transform_padding,75,0.0219874321645111,SGD,4,4,2,7,27,0.1926866471767425,
,transform_padding,6,0.0888665680874455,SGD,4,4,2,7,26,0.1917430162429809,
,transform_padding,3,0.0993513810194266,Adam,4,2,4,3,1,0.5500010251998901,
,transform_padding,18,0.049416098047996,RMSprop,4,4,2,5,15,0.554309606552124,
,transform_padding,22,0.0564618919138264,SGD,4,6,6,7,27,0.3789419531822204,
,transform_padding,38,0.0527740489070326,Adam,4,4,2,7,26,0.2367369383573532,
,transform_padding,60,0.0210255481445573,SGD,4,4,2,7,28,0.1922721713781356,
,transform_padding,61,0.0232711844061563,SGD,4,4,2,7,26,0.1954861283302307,
,transform_padding,46,0.0581483734092837,SGD,4,4,2,7,27,0.2036851644515991,
,transform_padding,60,0.0108464542759649,SGD,4,4,2,7,25,0.1977400034666061,
,transform_padding,73,0.0239123802254865,SGD,4,2,2,7,25,0.1874779313802719,
,transform_padding,73,0.0212625298240445,RMSprop,4,2,2,7,27,0.2200184464454651,
,transform_padding,42,0.0240025453157566,Adam,4,2,2,7,29,0.2176848649978637,
,transform_padding,57,0.0066392363977374,SGD,3,2,2,3,25,0.2285459637641906,
,transform_padding,26,0.0674178358874991,RMSprop,4,2,4,7,27,0.5456881523132324,
,transform_padding,86,0.0434402373032629,SGD,4,4,2,7,26,0.2043004035949707,
,transform_padding,38,0.063512210106407,Adam,5,4,2,7,0,0.5547376871109009,
,transform_padding,97,0.0171233759731639,SGD,5,4,2,7,26,0.1597134470939636,
,transform_padding,78,0.0572790447079962,SGD,4,4,2,7,24,0.1479680836200714,
,transform_padding,8,0.0886232650857624,Adam,3,2,4,3,11,0.3184982538223266,
,transform_padding,33,0.0082875223637681,RMSprop,5,4,2,7,29,0.5189274549484253,
,transform_padding,32,0.0010821382910613,Adam,3,6,6,7,15,0.2798669934272766,
,transform_padding,54,0.016973078532467,Adam,5,2,2,5,27,0.1763441413640976,
,transform_padding,52,0.0064874770660586,RMSprop,4,6,2,3,29,0.2097216695547104,
,transform_padding,49,0.0876197110102369,SGD,4,4,4,7,5,0.3208204507827759,
,transform_padding,94,2.0708485661206484e-05,SGD,4,4,4,5,20,0.4642166495323181,
,transform_padding,99,0.0136939864723756,SGD,4,4,2,7,29,0.1627461165189743,
,transform_padding,78,0.0265725808597423,SGD,5,4,2,7,25,0.1577180027961731,
,transform_padding,77,0.0024921326192789,SGD,4,4,2,7,27,0.195591002702713,
,transform_padding,70,0.0359286105947178,SGD,3,4,2,3,3,0.2153229117393493,
,transform_padding,77,0.0334995592571087,SGD,5,6,6,5,26,0.400193303823471,
,transform_padding,69,0.0038917667817391,SGD,4,4,2,7,29,0.1756401509046554,
,transform_padding,83,0.0397914693153084,SGD,5,4,2,7,23,0.1528861224651336,
,transform_padding,87,0.0862574134835177,SGD,4,2,6,3,0,0.5548681020736694,
,transform_padding,64,0.0303747005141166,RMSprop,3,6,4,5,29,0.2490215301513672,
,transform_padding,87,0.0085018773356281,SGD,5,4,2,7,23,0.2066893577575683,
,transform_padding,85,0.0371752163836278,SGD,5,4,2,7,23,0.1368034780025482,
,transform_padding,86,0.0387521432402632,SGD,5,4,2,7,28,0.1447791159152984,
,transform_padding,63,0.0965831882686831,SGD,5,4,2,7,28,0.1505960822105407,
,transform_padding,89,0.0184382214553685,SGD,5,4,2,7,25,0.1739990413188934,
,transform_padding,73,0.0421223999048777,SGD,4,4,2,7,13,0.1544678509235382,
,transform_padding,6,0.0115423230155,SGD,5,4,2,7,28,0.1757953464984893,
,transform_padding,91,0.0497338272287423,Adam,3,2,4,3,20,0.272337257862091,
,transform_padding,82,0.0050458505733716,RMSprop,5,4,2,5,28,0.4820738732814789,
,transform_padding,17,0.0476884538080522,SGD,4,6,6,7,19,0.3309881687164306,
,transform_padding,100,0.0205843257912226,Adam,5,4,2,7,26,0.4877130389213562,
,transform_padding,65,0.0867178811602089,SGD,5,4,2,7,16,0.1625523716211319,
,transform_padding,60,0.0568001919251303,SGD,5,4,2,7,23,0.1736070364713668,
,transform_padding,58,0.0890021693228792,SGD,5,4,2,7,29,0.1409596055746078,
,transform_padding,45,0.0256769426576331,SGD,5,4,2,7,29,0.1680105179548263,
,transform_padding,59,0.0555624881032187,SGD,5,2,2,7,20,0.1469094604253769,
,transform_padding,42,0.0118939647179399,RMSprop,5,2,2,7,28,0.4844512939453125,
,transform_padding,20,0.0224493317217061,Adam,5,2,2,7,27,0.5396482348442078,
,transform_padding,59,0.061510404451364,SGD,5,2,2,3,25,0.1642508506774902,
,transform_padding,54,0.0524784500199091,SGD,5,4,2,7,28,0.1475538313388824,
,transform_padding,38,0.063512210106407,Adam,5,4,2,7,4,0.5603256225585938,
,transform_padding,97,0.0171233759731639,SGD,5,4,2,7,29,0.1754810512065887,
,transform_padding,78,0.0572790447079962,SGD,4,4,2,7,27,0.1485281139612198,
,transform_padding,8,0.0886232650857624,Adam,3,2,4,3,29,0.333239197731018,
,transform_padding,33,0.0082875223637681,RMSprop,5,4,2,7,23,0.4004728496074676,
,transform_padding,32,0.0010821382910613,Adam,3,6,6,7,0,0.2543549537658691,
,transform_padding,54,0.016973078532467,Adam,5,2,2,5,20,0.1821933686733245,
,transform_padding,52,0.0064874770660586,RMSprop,4,6,2,3,26,0.2175975292921066,
,transform_padding,49,0.0876197110102369,SGD,4,4,4,7,22,0.275491327047348,
,transform_padding,94,2.0708485661206484e-05,SGD,4,4,4,5,20,0.4353967905044555,
,transform_padding,99,0.0136939864723756,SGD,4,4,2,7,29,0.1752393692731857,
,transform_padding,76,0.0030070162326071,SGD,4,4,2,7,28,0.2017853260040283,
,transform_padding,78,0.0295639882241421,SGD,4,4,2,7,28,0.1506678462028503,
,transform_padding,70,0.0359286105947178,SGD,4,4,2,3,26,0.1910726726055145,
,transform_padding,79,0.0336400390325894,SGD,4,6,6,5,19,0.3331981301307678,
,transform_padding,84,0.0910492703880982,SGD,4,4,2,7,27,0.1563163697719574,
,transform_padding,65,0.0030937883175084,SGD,3,4,2,7,29,0.1883922517299652,
,transform_padding,87,0.0220948602557684,SGD,4,2,6,3,0,0.5605624914169312,
,transform_padding,65,0.0383669409577612,RMSprop,4,6,4,5,0,0.5601930618286133,
,transform_padding,4,0.0074707135172388,SGD,3,4,2,7,24,0.1747742891311645,
,transform_padding,85,0.089540268921282,SGD,4,4,2,7,24,0.1643340140581131,
,transform_padding,86,0.0455835769687801,SGD,4,4,2,7,26,0.1656360924243927,
,transform_padding,73,0.0965831882686831,SGD,4,4,2,7,23,0.1743578612804412,
,transform_padding,61,0.0299279909219138,SGD,4,4,2,7,23,0.159433901309967,
,transform_padding,90,0.0421223999048777,SGD,4,4,2,7,22,0.1688025593757629,
,transform_padding,80,0.0181997891148237,SGD,4,4,2,7,28,0.1863877177238464,
,transform_padding,70,0.0586081942470968,Adam,4,6,4,3,22,0.3086496591567993,
,transform_padding,18,0.0994612645045744,RMSprop,4,2,2,5,3,0.5604504942893982,
,transform_padding,45,0.0476884538080522,SGD,3,4,6,7,1,0.2741889357566833,
,transform_padding,83,0.0530700358724034,Adam,5,4,2,7,0,0.5598857402801514,
,transform_padding,65,0.0296325680756863,SGD,4,4,2,7,17,0.1503008902072906,
,transform_padding,60,0.0262384433697798,SGD,4,4,2,7,28,0.1434962600469589,
,transform_padding,61,0.0104075134325539,SGD,4,4,2,7,29,0.1697782576084137,
,transform_padding,63,0.0220445531682873,SGD,4,4,2,7,14,0.16594760119915,
,transform_padding,56,0.0239123802254865,SGD,5,2,2,7,28,0.1613893508911132,
,transform_padding,43,0.0115459952997427,RMSprop,4,4,6,7,29,0.3166572451591491,
,transform_padding,73,0.0053597314570368,Adam,5,4,2,7,16,0.3772289752960205,
,transform_padding,37,0.0154553105334184,SGD,3,4,2,7,19,0.1789263486862182,
,transform_padding,22,0.0262083796917992,RMSprop,4,2,4,3,29,0.3831726908683777,
,transform_padding,56,0.011591361869336,SGD,5,6,2,7,28,0.1621469557285308,
,transform_padding,94,0.0631680525915145,SGD,4,4,2,7,29,0.1741236746311187,
,transform_padding,38,0.063512210106407,Adam,5,4,2,7,26,0.5545074343681335,
,transform_padding,97,0.0171233759731639,SGD,5,4,2,7,27,0.2213935554027557,
,transform_padding,78,0.0572790447079962,SGD,4,4,2,7,27,0.1993311643600464,
,transform_padding,8,0.0886232650857624,Adam,3,2,4,3,29,0.3813607692718506,
,transform_padding,33,0.0082875223637681,RMSprop,5,4,2,7,28,0.5497657060623169,
,transform_padding,32,0.0010821382910613,Adam,3,6,6,7,18,0.3025431334972381,
,transform_padding,54,0.016973078532467,Adam,5,2,2,5,29,0.4661779999732971,
,transform_padding,52,0.0064874770660586,RMSprop,4,6,2,3,29,0.2388582825660705,
,transform_padding,49,0.0876197110102369,SGD,4,4,4,7,9,0.3205919861793518,
,transform_padding,94,2.0708485661206484e-05,SGD,4,4,4,5,28,0.4605137705802917,
,transform_padding,99,0.0136939864723756,SGD,4,4,2,7,21,0.2293527573347091,
,transform_padding,78,0.0265725808597423,SGD,5,4,2,7,23,0.2197928130626678,
,transform_padding,77,0.0024921326192789,SGD,4,4,2,7,29,0.2348613739013672,
,transform_padding,70,0.0359286105947178,SGD,3,4,2,3,11,0.250652551651001,
,transform_padding,77,0.0334995592571087,SGD,5,6,6,5,1,0.4398960769176483,
,transform_padding,69,0.0038917667817391,SGD,4,4,2,7,27,0.2238023728132248,
,transform_padding,83,0.0397914693153084,SGD,5,4,2,7,25,0.1983677595853805,
,transform_padding,87,0.0862574134835177,SGD,4,2,6,3,0,0.5545799732208252,
,transform_padding,64,0.0303747005141166,RMSprop,3,6,4,5,24,0.3914463520050049,
,transform_padding,87,0.0085018773356281,SGD,5,4,2,7,28,0.2457493990659713,
,transform_padding,85,0.0371752163836278,SGD,5,4,2,7,27,0.2035888433456421,
,transform_padding,86,0.0387521432402632,SGD,5,4,2,7,29,0.2161612510681152,
,transform_padding,63,0.0965831882686831,SGD,5,4,2,7,28,0.2062877863645553,
,transform_padding,83,0.0142538300190755,SGD,5,4,2,7,29,0.2236036509275436,
,transform_padding,93,0.0421223999048777,SGD,4,4,2,7,29,0.1950584948062896,
,transform_padding,92,0.0525415769243511,SGD,4,4,2,7,10,0.1924223750829696,
,transform_padding,94,0.0222142634322739,Adam,4,2,4,3,26,0.4270430505275726,
,transform_padding,3,0.0521204600601732,RMSprop,4,4,2,5,27,0.5545051097869873,
,transform_padding,100,0.0536599072423139,SGD,4,6,6,7,5,0.3281648159027099,
,transform_padding,44,0.0115986301730236,Adam,4,4,2,7,26,0.1972020268440246,
,transform_padding,22,0.0213286777773848,Adam,4,4,2,7,29,0.5536640882492065,
,transform_padding,39,0.060429707640064,Adam,4,4,2,7,4,0.5544592142105103,
,transform_padding,92,0.011993093946638,Adam,4,4,2,7,24,0.1968919038772583,
,transform_padding,45,0.0103308470846996,Adam,4,4,2,7,29,0.2336066216230392,
,transform_padding,92,0.0048681540069072,Adam,4,4,2,7,27,0.2191433161497116,
,transform_padding,58,0.0137462154431428,Adam,4,2,2,7,29,0.1769317388534546,
,transform_padding,20,0.0028473655407519,Adam,4,2,2,7,23,0.2070769965648651,
,transform_padding,92,0.0077477981071378,Adam,3,2,2,3,28,0.2562140822410583,
,transform_padding,70,0.0167541831984899,RMSprop,4,2,4,7,29,0.3416111469268799,
,transform_padding,39,0.0106538456172092,Adam,4,2,2,7,16,0.1826857626438141,
,transform_padding,38,0.063512210106407,Adam,5,4,2,7,1,0.5379084348678589,
,transform_padding,97,0.0171233759731639,SGD,5,4,2,7,29,0.2021879851818084,
,transform_padding,78,0.0572790447079962,SGD,4,4,2,7,27,0.1774582862854004,
,transform_padding,8,0.0886232650857624,Adam,3,2,4,3,24,0.3438997268676758,
,transform_padding,33,0.0082875223637681,RMSprop,5,4,2,7,29,0.5325105786323547,
,transform_padding,32,0.0010821382910613,Adam,3,6,6,7,11,0.2740180194377899,
,transform_padding,54,0.016973078532467,Adam,5,2,2,5,26,0.249405950307846,
,transform_padding,52,0.0064874770660586,RMSprop,4,6,2,3,26,0.2596601545810699,
,transform_padding,49,0.0876197110102369,SGD,4,4,4,7,24,0.3224833607673645,
,transform_padding,94,2.0708485661206484e-05,SGD,4,4,4,5,20,0.4376585185527801,
,transform_padding,99,0.0136939864723756,SGD,4,4,2,7,29,0.2078333348035812,
,transform_padding,78,0.0265725808597423,SGD,5,4,2,7,28,0.1736135184764862,
,transform_padding,77,0.0024921326192789,SGD,4,4,2,7,15,0.2422783225774765,
,transform_padding,70,0.0359286105947178,SGD,3,4,2,3,7,0.2558900117874145,
,transform_padding,77,0.0334995592571087,SGD,5,6,6,5,28,0.3950116336345672,
,transform_padding,69,0.0038917667817391,SGD,4,4,2,7,24,0.2256212681531906,
,transform_padding,83,0.0397914693153084,SGD,5,4,2,7,27,0.1849738806486129,
,transform_padding,87,0.0220948602557684,SGD,4,2,6,3,0,0.5382916927337646,
,transform_padding,65,0.0922146550230623,RMSprop,3,6,4,5,28,0.5216776132583618,
,transform_padding,4,0.0085018773356281,SGD,4,4,2,7,28,0.2032470703125,
,transform_padding,85,0.0371752163836278,SGD,5,4,2,7,25,0.1753054559230804,
,transform_padding,86,0.0378133557201923,SGD,5,4,2,7,29,0.1898898482322693,
,transform_padding,63,0.0229735617056017,SGD,5,4,2,7,29,0.1769918650388717,
,transform_padding,63,0.0223669135100532,SGD,5,4,2,7,29,0.184932678937912,
,transform_padding,62,0.0114026581732771,SGD,5,4,2,7,29,0.2100235223770141,
,transform_padding,87,0.0044551459317277,SGD,5,4,2,7,29,0.2328097075223922,
,transform_padding,72,0.0273790406447481,Adam,5,6,4,3,27,0.4163811802864074,
,transform_padding,18,0.0495910926472029,RMSprop,5,2,2,5,25,0.5381203889846802,
,transform_padding,39,0.0540183238742721,SGD,5,4,6,7,27,0.3984238505363464,
,transform_padding,57,0.0133820285723318,Adam,5,4,2,7,29,0.4167593419551849,
,transform_padding,79,0.0585296282825975,SGD,5,4,2,7,26,0.1833016872406005,
,transform_padding,74,0.0560803257436385,SGD,5,4,2,7,29,0.1823440492153167,
,transform_padding,93,0.0198108399624905,SGD,5,4,2,7,27,0.1886661648750305,
,transform_padding,45,0.081154578874256,SGD,3,4,2,7,28,0.2238899916410446,
,transform_padding,82,0.0239123802254865,SGD,5,2,2,7,27,0.1813680380582809,
,transform_padding,91,0.0975208571624681,RMSprop,4,4,6,7,27,0.5320749282836914,
,transform_padding,59,0.0135155525650454,Adam,5,4,2,7,29,0.5242516994476318,
,transform_padding,67,0.0082046256716793,SGD,3,4,2,7,14,0.2171998471021652,
,transform_padding,75,0.034943912979664,RMSprop,5,2,4,3,0,0.5382916927337646,
,transform_padding,82,0.0655793923460549,SGD,4,6,2,7,29,0.1853404641151428,
,transform_padding,83,0.0212396603184767,SGD,5,2,2,7,27,0.200475201010704,
,transform_padding,38,0.063512210106407,Adam,5,4,2,7,7,0.5589011907577515,
,transform_padding,97,0.0171233759731639,SGD,5,4,2,7,29,0.1865717619657516,
,transform_padding,78,0.0572790447079962,SGD,4,4,2,7,14,0.1711228787899017,
,transform_padding,8,0.0886232650857624,Adam,3,2,4,3,29,0.3120136559009552,
,transform_padding,33,0.0082875223637681,RMSprop,5,4,2,7,2,0.5564414262771606,
,transform_padding,32,0.0010821382910613,Adam,3,6,6,7,8,0.2733124196529388,
,transform_padding,54,0.016973078532467,Adam,5,2,2,5,28,0.381773829460144,
,transform_padding,52,0.0064874770660586,RMSprop,4,6,2,3,29,0.2202706784009933,
,transform_padding,49,0.0876197110102369,SGD,4,4,4,7,29,0.2943058311939239,
,transform_padding,94,2.0708485661206484e-05,SGD,4,4,4,5,28,0.4403485655784607,
,transform_padding,99,0.0136939864723756,SGD,4,4,2,7,22,0.193555474281311,
,transform_padding,78,0.0265725808597423,SGD,5,4,2,7,26,0.1929458081722259,
,transform_padding,80,0.0029780054829285,SGD,4,4,2,7,29,0.2130460441112518,
,transform_padding,80,0.0284674128349914,SGD,3,4,2,3,28,0.2226693332195282,
,transform_padding,69,0.0348965946571749,SGD,5,6,6,5,10,0.4267056882381439,
,transform_padding,90,0.0038455845848535,SGD,4,4,2,7,9,0.2194053381681442,
,transform_padding,67,0.0852598623416662,SGD,4,4,2,7,12,0.1764070391654968,
,transform_padding,71,0.0829060069982468,SGD,4,2,6,3,0,0.559048593044281,
,transform_padding,63,0.0413732923998244,RMSprop,4,6,4,5,1,0.5588693618774414,
,transform_padding,4,0.0976199944613017,SGD,4,4,2,7,29,0.1746951341629028,
,transform_padding,9,0.0953050032891418,SGD,4,4,2,7,23,0.1824696063995361,
,transform_padding,22,0.0378667796583679,SGD,4,4,2,7,12,0.1774475276470184,
,transform_padding,62,0.0399801470016597,SGD,4,4,2,7,24,0.1764177978038787,
,transform_padding,88,0.0135577719544456,SGD,4,4,2,7,29,0.1856000125408172,
,transform_padding,1,0.0444731933926834,SGD,4,4,2,7,28,0.187760517001152,
,transform_padding,42,0.0946557308085186,SGD,3,4,2,7,23,0.1942312568426132,
,transform_padding,19,0.0195232208289595,Adam,4,2,4,3,29,0.329952597618103,
,transform_padding,62,0.0604795764134586,RMSprop,4,4,2,5,28,0.5590037107467651,
,transform_padding,75,0.0476884538080522,SGD,4,6,6,7,29,0.3446879982948303,
,transform_padding,88,0.0539090030446505,Adam,3,4,2,7,28,0.2041489332914352,
,transform_padding,61,0.0292217206996801,SGD,4,4,2,7,15,0.1838575601577758,
,transform_padding,44,0.0506900488059375,SGD,4,4,2,7,28,0.1859360635280609,
,transform_padding,66,0.0211553121701472,SGD,4,4,2,7,25,0.1763051450252533,
,transform_padding,70,0.0201572180220069,SGD,4,4,2,7,25,0.1819652915000915,
,transform_padding,84,0.0955018253268317,SGD,4,2,2,7,27,0.1773141324520111,
,transform_padding,57,0.0092320571141837,RMSprop,4,4,6,7,25,0.2513997554779053,
,transform_padding,68,0.0591656631209359,Adam,5,4,2,7,7,0.5589032173156738,
,transform_padding,33,0.0234500284721521,SGD,3,4,2,7,9,0.1900982111692428,
,transform_padding,75,0.0636814213520725,RMSprop,4,2,4,3,28,0.5144587755203247,
,transform_padding,48,0.0123764103943763,SGD,5,6,2,7,29,0.2009888887405395,
,transform_padding,58,0.0268481902644895,SGD,4,4,2,7,26,0.1914113759994506,
,transform_padding,38,0.063512210106407,Adam,5,4,2,7,0,0.5567914843559265,
,transform_padding,97,0.0171233759731639,SGD,5,4,2,7,27,0.2146437168121338,
,transform_padding,78,0.0572790447079962,SGD,4,4,2,7,27,0.1976936906576156,
,transform_padding,8,0.0886232650857624,Adam,3,2,4,3,28,0.3061286211013794,
,transform_padding,33,0.0082875223637681,RMSprop,5,4,2,7,28,0.4869076609611511,
,transform_padding,32,0.0010821382910613,Adam,3,6,6,7,26,0.296921968460083,
,transform_padding,54,0.016973078532467,Adam,5,2,2,5,29,0.4917935729026794,
,transform_padding,52,0.0064874770660586,RMSprop,4,6,2,3,26,0.246145486831665,
,transform_padding,49,0.0876197110102369,SGD,4,4,4,7,25,0.2252622246742248,
,transform_padding,94,2.0708485661206484e-05,SGD,4,4,4,5,21,0.4467678964138031,
,transform_padding,99,0.0136939864723756,SGD,4,4,2,7,29,0.2006533145904541,
,transform_padding,76,0.0030070162326071,SGD,4,4,2,7,29,0.2173683494329452,
,transform_padding,78,0.0295639882241421,SGD,4,4,2,7,28,0.1990117728710174,
,transform_padding,70,0.0359286105947178,SGD,4,4,2,3,26,0.2450183629989624,
,transform_padding,79,0.0336400390325894,SGD,4,6,6,5,26,0.3756779432296753,
,transform_padding,84,0.0910492703880982,SGD,4,4,2,7,22,0.2117564529180526,
,transform_padding,65,0.0030937883175084,SGD,3,4,2,7,26,0.2217522859573364,
,transform_padding,87,0.0220948602557684,SGD,4,2,6,3,0,0.556861162185669,
,transform_padding,65,0.0383669409577612,RMSprop,4,6,4,5,23,0.5566248297691345,
,transform_padding,4,0.0074707135172388,SGD,3,4,2,7,23,0.2191971242427826,
,transform_padding,100,0.0162726950396586,SGD,4,4,2,7,24,0.2113037556409835,
,transform_padding,89,0.0378133557201923,SGD,4,4,2,7,29,0.1828018128871917,
,transform_padding,90,0.0497872003637297,SGD,4,4,2,7,12,0.2067257463932037,
,transform_padding,75,0.0299279909219138,SGD,4,4,2,7,29,0.1968056261539459,
,transform_padding,70,0.049624259553013,SGD,4,4,2,7,29,0.1892240643501281,
,transform_padding,63,0.0927574010142652,SGD,4,4,2,7,28,0.1933629810810089,
,transform_padding,63,0.0993513810194266,Adam,4,2,4,3,21,0.3613226413726806,
,transform_padding,61,0.0544297062074007,RMSprop,3,4,2,5,27,0.2220280617475509,
,transform_padding,39,0.0559504768756507,SGD,4,6,6,7,8,0.3339027166366577,
,transform_padding,40,0.010908015380822,Adam,5,4,2,7,29,0.4402976036071777,
,transform_padding,73,0.0325907508070517,SGD,4,4,2,7,27,0.1974670588970184,
,transform_padding,83,0.0246540158240529,SGD,4,4,2,7,29,0.1958031356334686,
,transform_padding,84,0.0206354677473632,SGD,4,4,2,7,22,0.193924605846405,
,transform_padding,92,0.0509748263455862,SGD,4,4,2,7,29,0.179354727268219,
,transform_padding,90,0.0682999316291484,SGD,5,4,2,7,25,0.1863853186368942,
,transform_padding,94,0.042929325649566,RMSprop,5,2,2,7,9,0.5566320419311523,
,transform_padding,90,0.0540208947270152,SGD,5,4,6,7,16,0.4305755794048309,
,transform_padding,20,0.0127173454843251,Adam,5,4,2,7,23,0.5424360036849976,
,transform_padding,93,0.0644806532892557,SGD,5,2,2,3,26,0.1993619203567505,
,transform_padding,71,0.0204608173395508,RMSprop,5,4,4,7,5,0.5525458455085754,
,transform_padding,57,0.063441266171764,SGD,5,4,2,7,28,0.1832696050405502,
,transform_padding,38,0.063512210106407,Adam,5,4,2,7,3,0.5566223859786987,
,transform_padding,97,0.0171233759731639,SGD,5,4,2,7,26,0.1941935718059539,
,transform_padding,78,0.0572790447079962,SGD,4,4,2,7,29,0.1521458029747009,
,transform_padding,8,0.0886232650857624,Adam,3,2,4,3,26,0.2915283143520355,
,transform_padding,33,0.0082875223637681,RMSprop,5,4,2,7,25,0.5564417839050293,
,transform_padding,32,0.0010821382910613,Adam,3,6,6,7,26,0.2728057503700256,
,transform_padding,54,0.016973078532467,Adam,5,2,2,5,26,0.5555082559585571,
,transform_padding,52,0.0064874770660586,RMSprop,4,6,2,3,28,0.2717795372009277,
,transform_padding,49,0.0876197110102369,SGD,4,4,4,7,17,0.2538544535636902,
,transform_padding,94,2.0708485661206484e-05,SGD,4,4,4,5,18,0.4306538999080658,
,transform_padding,99,0.0136939864723756,SGD,4,4,2,7,26,0.1623047292232513,
,transform_padding,76,0.0030070162326071,SGD,4,4,2,7,10,0.1864800304174423,
,transform_padding,78,0.0295639882241421,SGD,4,4,2,7,29,0.1622229814529419,
,transform_padding,70,0.0359286105947178,SGD,4,4,2,3,4,0.1789992898702621,
,transform_padding,79,0.0336400390325894,SGD,4,6,6,5,19,0.3445250391960144,
,transform_padding,84,0.0910492703880982,SGD,4,4,2,7,20,0.1368074417114257,
,transform_padding,65,0.0852598623416662,SGD,3,4,2,7,26,0.1787093877792358,
,transform_padding,87,0.0038985908561516,SGD,4,2,6,3,0,0.5573680400848389,
,transform_padding,64,0.0328999009404944,RMSprop,4,6,4,5,14,0.5571038126945496,
,transform_padding,88,0.0976199944613017,SGD,3,4,2,7,5,0.1792864054441452,
,transform_padding,78,0.0318807088741989,SGD,4,4,2,7,29,0.1534955352544784,
,transform_padding,86,0.0378133557201923,SGD,4,4,2,7,28,0.153961956501007,
,transform_padding,68,0.0153079789131822,SGD,4,4,2,7,15,0.1551800072193145,
,transform_padding,84,0.0326852446562814,SGD,4,4,2,7,27,0.1515498757362365,
,transform_padding,89,0.049624259553013,SGD,4,4,2,7,25,0.1604586392641067,
,transform_padding,6,0.0083389715112556,SGD,4,4,2,7,28,0.1710110157728195,
,transform_padding,82,0.0993513810194266,Adam,4,2,4,3,23,0.3311027288436889,
,transform_padding,61,0.0503912576303477,RMSprop,3,4,2,5,29,0.207553744316101,
,transform_padding,17,0.0476884538080522,SGD,4,6,6,7,25,0.3161022067070007,
,transform_padding,74,0.0205843257912226,Adam,5,4,2,7,1,0.557109534740448,
,transform_padding,93,0.0559915723495447,SGD,4,4,2,7,20,0.1537267863750457,
,transform_padding,83,0.0287211269809629,SGD,4,4,2,7,29,0.1444299519062042,
,transform_padding,83,0.0198108399624905,SGD,4,4,2,7,23,0.1493398398160934,
,transform_padding,100,0.0216335645913736,SGD,4,4,2,7,27,0.170998141169548,
,transform_padding,58,0.0107571659222339,SGD,5,4,2,7,27,0.2143040150403976,
,transform_padding,45,0.0243253721709445,RMSprop,4,2,2,7,29,0.550208568572998,
,transform_padding,83,0.0138974261466492,SGD,4,4,6,7,21,0.3387362957000732,
,transform_padding,72,0.0646905918587342,Adam,5,4,2,7,2,0.5572199821472168,
,transform_padding,91,0.0063505822103937,SGD,3,2,2,3,15,0.1992187201976776,
,transform_padding,22,0.0176515380785628,RMSprop,4,4,4,7,17,0.3472685813903808,
,transform_padding,83,0.05247845001990915,SGD,4,4,2,7,15,0.14150021970272064,
